,title,digest,cover,link,date
0,人间一趟，不妨大胆一点,勇敢的人先享受世界,https://mmbiz.qlogo.cn/sz_mmbiz_jpg/5ibaumOWQEWSSHenACMUic5CbTxanUB4bOh1gHnmgJfvAsibDrNECSCtjQtxOsa3HiaNqTNjbL5bf7w6KO5ZUaDeUg/0?wx_fmt=jpeg,http://mp.weixin.qq.com/s?__biz=MjM5NjU5NDkzMg==&mid=2652213473&idx=1&sn=68ef70d68ce3cc361a348d72b83eb63b&chksm=bd07e57a8a706c6c2ad72f7f1c0a23f4605af7883f3dddea43e28158a1e7bacaeb26570c2652#rd,2024-03-17
1,还有整个春天，有好多梦可以做,"赶路的人冒雨疾行
前程似锦",https://mmbiz.qlogo.cn/sz_mmbiz_jpg/5ibaumOWQEWQLVR6ESxndUiaib8suMaSiaT3z14w0019sdIJukXLyicXWGfT1CSFsexKxnzxHuhBt2ETBAI289WibJcA/0?wx_fmt=jpeg,http://mp.weixin.qq.com/s?__biz=MjM5NjU5NDkzMg==&mid=2652213470&idx=1&sn=11c2f66459caf25091111eda5fbdd13d&chksm=bd07e5458a706c531ba24fb69b83f0e758a7c666c7ddd456aa70e2106651a0a731c44646917a#rd,2024-03-16
2,苏轼：我与清风明月，皆是过客,惟江上之清风，山间之明月，吾与子之所共适。,https://mmbiz.qlogo.cn/sz_mmbiz_jpg/5ibaumOWQEWQLVR6ESxndUiaib8suMaSiaT3ho2Kia9Sd4NLezdG5ibTP6Gwa0ZicSFVfusiakbRbN5T7nclGEYsnVWlNA/0?wx_fmt=jpeg,http://mp.weixin.qq.com/s?__biz=MjM5NjU5NDkzMg==&mid=2652213378&idx=1&sn=d5a7ecab599218cbc8bc87b5a9ad1f02&chksm=bd07e5198a706c0f116226888ba0d9a98c4e51e98fcc5ae0309a924941ec9b456783aafb47e5#rd,2024-03-15
3,别怠慢任何短暂的美好，记忆可以使它们永恒,去爱那可爱的，无法长久的事物！,https://mmbiz.qlogo.cn/sz_mmbiz_jpg/5ibaumOWQEWTG4b3Oy0NC4zYkppqIoaPZI40wNFBr2zTKZHWibO1aiaMbUQ6phHMz78h0zzokj6rvKicsNqSBfqcfQ/0?wx_fmt=jpeg,http://mp.weixin.qq.com/s?__biz=MjM5NjU5NDkzMg==&mid=2652213355&idx=1&sn=36bef7bbf64831c19863a6c89bde9a44&chksm=bd07e5f08a706ce6cc6b70cfa4a836d0cff5ae66cfc886214be4ab284a882fc4a6b4559c3b09#rd,2024-03-14
4,静谧的夜，为何给我们安慰？,,https://mmbiz.qlogo.cn/sz_mmbiz_jpg/5ibaumOWQEWTYGnicIYibT3gvbHTriaaKeMuaSWOWQa68xjzkMsibBIbyr465nBlFluskMZrrmDy3NHWafDnTGTQFSA/0?wx_fmt=jpeg,http://mp.weixin.qq.com/s?__biz=MjM5NjU5NDkzMg==&mid=2652213329&idx=1&sn=4ba00a1b33ba5e1a81e08b155ce50295&chksm=bd07e5ca8a706cdccb2d3a781be36469457ef735caefeecdc0b9232cc434170a3c3752b621a3#rd,2024-03-13
5,总担心会错过许多，却忘记其实已拥有不少,“我所拥有的，就是我经历的一切。”,https://mmbiz.qlogo.cn/sz_mmbiz_jpg/5ibaumOWQEWQLVR6ESxndUiaib8suMaSiaT33RUOPoNqoweGrlvibgYvibSod66v1c7pIkMPK3Hic9XocJ7RCvslj6xFg/0?wx_fmt=jpeg,http://mp.weixin.qq.com/s?__biz=MjM5NjU5NDkzMg==&mid=2652213228&idx=1&sn=255e3c9396a96970ff54903b39603385&chksm=bd07fa778a7073611b89058aab8f0265fb84cec18c6beba025e764a4914d5777f3bd3222c021#rd,2024-03-12
6,轻衫细马，春风得意,中国人的愉悦事务清单No.13,https://mmbiz.qlogo.cn/sz_mmbiz_jpg/5ibaumOWQEWTYGnicIYibT3gvbHTriaaKeMu5tOkOEhDm57Y77icRZXRS2l9dxdNdL0c8ngj89dBT9a9iaFdiaoS5KXPA/0?wx_fmt=jpeg,http://mp.weixin.qq.com/s?__biz=MjM5NjU5NDkzMg==&mid=2652211985&idx=1&sn=115e4834a411d8ffc5eb7820a2e719bb&chksm=bd07fe8a8a70779c68a4790e5f1e88783eefa89ad32bfafa487e0382eaad08e1e505afc1ed89#rd,2024-03-11
7,恋恋不舍，莫若相忘于江湖｜纪念金庸先生,情不知所起，一往情深；恨不知所终，一笑而泯。,https://mmbiz.qlogo.cn/sz_mmbiz_jpg/5ibaumOWQEWS6g1aT1pl0yeibHR4TAXvFweicunMcfI6DAbUxtdGAVTIIcr7QucPy0TibcVS1dUBtaKnxLlI8QYVgQ/0?wx_fmt=jpeg,http://mp.weixin.qq.com/s?__biz=MjM5NjU5NDkzMg==&mid=2652211907&idx=1&sn=2de83732ad9774f30bb7299f643841e6&chksm=bd07ff588a70764eaf5bbbb7c828a433f9e4ee0659662b6d651bb9f846b0c1dfcfc16f69bb6a#rd,2024-03-10
8,春天正来临，你也还好吗,天气很好，你也要很好。,https://mmbiz.qlogo.cn/sz_mmbiz_jpg/5ibaumOWQEWTravoCDnOibbkWCHgoiaYibYHoP8Po8h5J78t5cf6BQzYXVGXGEKickTDkMHcxYwcuiboJtus5KkKL50A/0?wx_fmt=jpeg,http://mp.weixin.qq.com/s?__biz=MjM5NjU5NDkzMg==&mid=2652211732&idx=1&sn=bad5d36bd503dec82b5f6d86b7f976d8&chksm=bd07ff8f8a7076993307558ec310ee12144c1b33450618e0eaa00696b60e9512c0e5d64eab4a#rd,2024-03-09
9,生而为女：自由、勇敢、野心勃勃,妇女节快乐！,https://mmbiz.qlogo.cn/sz_mmbiz_jpg/5ibaumOWQEWRQv1uLzoNpA0cZKUHoSZgyx56R36FicGY5n2PcbuQQacMBr7l5tF7LRQLJZpkzCaq6oY8gmj1mgDQ/0?wx_fmt=jpeg,http://mp.weixin.qq.com/s?__biz=MjM5NjU5NDkzMg==&mid=2652211535&idx=1&sn=8bdfbafb56f41e45057bcb74643f9186&chksm=bd07fcd48a7075c2528d36971da930f9ad56702920dd32d0272102d36a9ab27760720b3f4b87#rd,2024-03-08
10,看着落日，把一些事想起又放下,"以一种轻松的心情
重读那沉重的落日",https://mmbiz.qlogo.cn/sz_mmbiz_jpg/5ibaumOWQEWR2zKf1gZFTP8I1ibG1IabyyNo4XITzK7XQ5UUibib81ER7cah3OiaaRwbRvWiblV5TmwfynLOThtbicQ4Q/0?wx_fmt=jpeg,http://mp.weixin.qq.com/s?__biz=MjM5NjU5NDkzMg==&mid=2652211522&idx=1&sn=5a6f8cb8693a227c4c4912c4884b1f1a&chksm=bd07fcd98a7075cf6ca75150c4c56ae4a4bbf2dd4b7a3e510470d4639d7a2a7786b3473cc501#rd,2024-03-07
11,轻舟过万山，自己说了算,春天来了，别烂在过去和梦里。,https://mmbiz.qlogo.cn/sz_mmbiz_jpg/5ibaumOWQEWTMmftLYmicNXB9R3uAewtv0tOO7Ua8k11BsmVmaa0tpcl03IrTZZ563iclibNI5vMoj2w80GjQxNEPw/0?wx_fmt=jpeg,http://mp.weixin.qq.com/s?__biz=MjM5NjU5NDkzMg==&mid=2652211201&idx=1&sn=3687b276ef5e00b21ddbc493f7dfc284&chksm=bd07fd9a8a70748c02578eb1f22b5f77564a0fadf6253b6803ccf3628f23815ca344948e1572#rd,2024-03-06
12,惊蛰：华枝春满，去见想见的人吧！,春暖花开，春雷萌动,https://mmbiz.qlogo.cn/sz_mmbiz_jpg/5ibaumOWQEWTReiaSdB3ic36PGSiabR5LvuNl9GibdOqJibKETx7KZza3hfwOic1o4PDY8VTgNuGq4PXunic1M7icJYLicNg/0?wx_fmt=jpeg,http://mp.weixin.qq.com/s?__biz=MjM5NjU5NDkzMg==&mid=2652211040&idx=1&sn=a359f8a213b5db95de3ee6f8b33b1d77&chksm=bd07f2fb8a707bed9a63f843e95f0ffb59b40b46c17b619d1b9f32f1a2f8a7c5a694aaccd55b#rd,2024-03-05
13,我的世界很广阔，你能占据的并非全部,"留给你不是所有的温暖
洒向你不是所有的泪滴",https://mmbiz.qlogo.cn/sz_mmbiz_jpg/5ibaumOWQEWTReiaSdB3ic36PGSiabR5LvuNO3rQzicsTSiarTCCZd0h991eIkBibarnLhM3OludTKYqwEs5scfDichX9A/0?wx_fmt=jpeg,http://mp.weixin.qq.com/s?__biz=MjM5NjU5NDkzMg==&mid=2652211038&idx=1&sn=552ec0b1706df42d33559f41c74ce4a1&chksm=bd07f2c58a707bd32e7ad6464c5e2da7448ac46289aea26d79a4fc3a98de06c3708e63229da1#rd,2024-03-04
14,对于我来说，爱乃头等要务,世界越来越美了，我独自一人，却很自在。,https://mmbiz.qlogo.cn/sz_mmbiz_jpg/g1GsJrIvV2jG1mfBE2FIUibqNGDps9mRww1X53duQZic0iagUM7BCTCHarObtg3jDw2BJLTBY7Ml28BrpzbN5wWcg/0?wx_fmt=jpeg,http://mp.weixin.qq.com/s?__biz=MjM5NjU5NDkzMg==&mid=2652210921&idx=1&sn=8c561cd08845e7507a5946a8402a613b&chksm=bd07f3728a707a646359a001cffe72bc59885e30ac8e2e1960fd0a315752b557a74988a7f1a9#rd,2024-03-03
15,大胆去做，人生其实不复杂,勇敢的人哪怕眼含热泪，也要继续奔跑。,https://mmbiz.qlogo.cn/sz_mmbiz_jpg/5ibaumOWQEWT1I5sZMz5FSglYOMTt4miboOTdDX3K3HKuGq0DQepW5Fm9vIJewh5T5fE6mfs23Zia4AU0dkkrXUsQ/0?wx_fmt=jpeg,http://mp.weixin.qq.com/s?__biz=MjM5NjU5NDkzMg==&mid=2652210920&idx=1&sn=90f84d4101fa1bcfa46dd40eff9ebbf4&chksm=bd07f3738a707a65103f72de0ea92c507a46540f65e39a9557c22cb4a59367ea5347b37e92e3#rd,2024-03-02
16,三月：万物都可以在春天复苏，我们也不例外,春天，我有一种放飞自我的愿望……,https://mmbiz.qlogo.cn/sz_mmbiz_jpg/5ibaumOWQEWTravoCDnOibbkWCHgoiaYibYHxia6hvFAdcicf3IVNDY1p8mnF7ibnxOloG8LVAd1fC8rO2CqgGlEdNibag/0?wx_fmt=jpeg,http://mp.weixin.qq.com/s?__biz=MjM5NjU5NDkzMg==&mid=2652210853&idx=1&sn=6e4553e1854c05bda1742b546dcbe520&chksm=bd07f33e8a707a28e9d8c4640359407725b220f2066d9534882d1fb6c368367442a218adc153#rd,2024-03-01
17,“外卖诗人”王计兵：写诗，让我变成一个好人,“搞文学如果不能产生价值，是羞耻的。文学如果不能帮助到别人，也是羞耻的。”,https://mmbiz.qlogo.cn/sz_mmbiz_jpg/5ibaumOWQEWTravoCDnOibbkWCHgoiaYibYH2MTiay4xjdrtDbiaMp8EnNhMq7LW0tUp2XscljUVW0RvYIgDNB64nnWA/0?wx_fmt=jpeg,http://mp.weixin.qq.com/s?__biz=MjM5NjU5NDkzMg==&mid=2652210730&idx=1&sn=ab5a6cec2b9358c7087f8eeb1d1521ab&chksm=bd07f3b18a707aa7d3b58b0a68989be249e93b65743dfca3bb046acb0603b219fe6540b17c93#rd,2024-02-29
18,四年一会，过好这多出来的一天,艰难的生活永无止境，唯愿多些明媚,https://mmbiz.qlogo.cn/sz_mmbiz_jpg/5ibaumOWQEWQQ62Sdx99O6nahjpL9zgrXkEskfx1LwSibScTNE87RLG9Hfg8Kfpyia94WefT4jk15ibeY0TK02mSicA/0?wx_fmt=jpeg,http://mp.weixin.qq.com/s?__biz=MjM5NjU5NDkzMg==&mid=2652210531&idx=1&sn=30e11c48baefbaaa052de1f46b21ce22&chksm=bd07f0f88a7079eebc196fb737243af35ab9d4ee0c7d8a98ba6c5233691347758ae77ac441b0#rd,2024-02-28
19,苏轼：谁怕？一蓑烟雨任平生,苏轼有一颗强大的心。,https://mmbiz.qlogo.cn/sz_mmbiz_jpg/5ibaumOWQEWRXjm2ofwHfAMwQtdBnDmibBn2qObdmoibTxOoWic5x3FJ8fYMkbfbNjx0E1lHjslR2XkYWpbhj9TjaA/0?wx_fmt=jpeg,http://mp.weixin.qq.com/s?__biz=MjM5NjU5NDkzMg==&mid=2652209841&idx=1&sn=39309069311b8557579639801969274b&chksm=bd07f72a8a707e3c513f1400462d9a4e9a9e78b5541a7cdd18b30068bf96c888ede4bd4fbe01#rd,2024-02-27
20,我上春山，约你来见,中国人的愉悦事务清单No.12,https://mmbiz.qlogo.cn/sz_mmbiz_jpg/5ibaumOWQEWSSiaNRF5a3Ogtzj1wJNW7M60ThaYU23icSCluNwny3CiavTc6Jj2lRlhicTia4j6sCYIH82B5E0fIjVzg/0?wx_fmt=jpeg,http://mp.weixin.qq.com/s?__biz=MjM5NjU5NDkzMg==&mid=2652209745&idx=1&sn=dc19417ba7405f33ea39c021f4ad0782&chksm=bd07f7ca8a707edc569afbbc4d5d391fd71d292b1c588185bc36a6ddda9ee58564e660848e0e#rd,2024-02-26
21,可能我在发疯，但是感觉良好啊,哼，算了吧。,https://mmbiz.qlogo.cn/sz_mmbiz_jpg/5ibaumOWQEWRn5OdLt9BT0YovmA6qnJOOqDuAgKliciahXKPk79VjFw1XhickA82ibes69Ul9pic1Pa4DKEXfC43j3Rw/0?wx_fmt=jpeg,http://mp.weixin.qq.com/s?__biz=MjM5NjU5NDkzMg==&mid=2652209680&idx=1&sn=7fcc53dad8f0773c6e35e090ed5bedd1&chksm=bd07f78b8a707e9dc6957571f4acbf6a8f0789263dac520f7533badc4db766ac13e9334c52f8#rd,2024-02-25
22,在今年第一轮满月的眼睛里，我看到了你,"就在刹那间，流逝时间中
我们拥有了一个永恒",https://mmbiz.qlogo.cn/sz_mmbiz_jpg/5ibaumOWQEWRn5OdLt9BT0YovmA6qnJOO0NaIKFrDvASlDA6VrScCEJON6Ktnq6fmL3016aHU8oJ6IYzpoqgdWg/0?wx_fmt=jpeg,http://mp.weixin.qq.com/s?__biz=MjM5NjU5NDkzMg==&mid=2652209679&idx=1&sn=98834d3a6bafd100f42a3879a726ddc8&chksm=bd07f7948a707e824abda0b32abbee56b37b8346d52bf4e9c471aeafb52b2721c5e4173e4fc1#rd,2024-02-24
23,雪未全消，但想到你，我已满目春风,爱是一株年轻的绿柳在光秃的树林边熠熠生辉,https://mmbiz.qlogo.cn/sz_mmbiz_jpg/5ibaumOWQEWTCNxBL1ZpYqf3qRDwkCplMSfshQFvpYtxicsjnTfYOW7wHQBO51goIpoJPaDDAcIg6Ef8DwaELVUw/0?wx_fmt=jpeg,http://mp.weixin.qq.com/s?__biz=MjM5NjU5NDkzMg==&mid=2652209601&idx=1&sn=a5aac551688bbaf13ecadd6da733b291&chksm=bd07f45a8a707d4c1d7f3f5ee1105b2d9401df7b56339fe9669b3cab8b7aff9ef59b63001887#rd,2024-02-23
24,去生活，去犯错，去跌倒，去胜利,"美丽
是你的祝福",https://mmbiz.qlogo.cn/sz_mmbiz_jpg/5ibaumOWQEWQzEck66VyEiaDleL36icqjXUK9uLe6pTialynllbNpBpeM9w8JBXEADRqmhroTsXkH281mBx2tV8qOg/0?wx_fmt=jpeg,http://mp.weixin.qq.com/s?__biz=MjM5NjU5NDkzMg==&mid=2652209300&idx=1&sn=2c41aeb847576d43a86936f090c43492&chksm=bd07f50f8a707c19f70b6e61f8166cd65857d6d610ad36757d1e05338dfecc1b4e30a1ba2109#rd,2024-02-22
25,虽说生活有瑕疵，也还是喜欢,"喜欢的东西
喜欢的事情
一直想喜欢下去",https://mmbiz.qlogo.cn/sz_mmbiz_jpg/5ibaumOWQEWSl69V648aFoc10IaLITnheIo7EE7ag9EcqODBCnicsmm7ebC4ju3lZXJ32Uf2TDfbbpxVbNolfgow/0?wx_fmt=jpeg,http://mp.weixin.qq.com/s?__biz=MjM5NjU5NDkzMg==&mid=2652208813&idx=1&sn=919bb4df1b1c6ea08c97acd1e8e5eaa4&chksm=bd070b368a708220af5e9dfe67daab4df9da859a5f5863560e8904f02b1c662fd67eefe336bb#rd,2024-02-21
26,我提醒自己，那些期待的正在来临,"每一封信都有一个地址。
每一首诗总有一个和它相遇的人。",https://mmbiz.qlogo.cn/sz_mmbiz_jpg/5ibaumOWQEWSl69V648aFoc10IaLITnhezlFpYdjy9ceAUZH1qia9lhyww92O6cf2TAHnuKOnicXs42GpicgrYpCjg/0?wx_fmt=jpeg,http://mp.weixin.qq.com/s?__biz=MjM5NjU5NDkzMg==&mid=2652208750&idx=1&sn=ba31f8df6438e18dd7adedad3e1478c0&chksm=bd070bf58a7082e399ff95008ad60c63a4086ebbb8fb1ac1dd5b0684924347e2f332ae716b34#rd,2024-02-20
27,雨水：春水初生，春林初盛,好雨知时节，当春乃发生,https://mmbiz.qlogo.cn/sz_mmbiz_jpg/5ibaumOWQEWQ5ZeXaiczGSXNNITmWu2Mom9tGecXPPzS5IYgGWb8d8Ite7qaq2vlnRIdQBrPSaofkZ2KKYleRXUQ/0?wx_fmt=jpeg,http://mp.weixin.qq.com/s?__biz=MjM5NjU5NDkzMg==&mid=2652208643&idx=1&sn=d82c0f4237b03a52260e4f6fc31e82fc&chksm=bd070b988a70828e722c37063197198f505f59258e519460f783bbb1b159f8b5a99999f4297a#rd,2024-02-19
28,无论如何，继续谋生、谋爱、谋生活,"生活给了我多少积雪
我就能遇到多少个春天",https://mmbiz.qlogo.cn/sz_mmbiz_jpg/5ibaumOWQEWQzERudCHxiaunlhoNOH6DIQcJGbVWRLjrbjiarKB9VvcATr5Zk3VHUjltU0NJRwt0QCtNiaibFRTlTkA/0?wx_fmt=jpeg,http://mp.weixin.qq.com/s?__biz=MjM5NjU5NDkzMg==&mid=2652208641&idx=1&sn=6e279c0d49526f5103e150aa1e77aebb&chksm=bd070b9a8a70828ccf84d5580f5e01babe9b7eb5ebc7d386d301b0ad770e034d8ee254b9cb23#rd,2024-02-18
29,愿人随春好，春与人宜,春在千门万户中,https://mmbiz.qlogo.cn/sz_mmbiz_jpg/5ibaumOWQEWQzERudCHxiaunlhoNOH6DIQibEWZTtez2hXP0Kx142WoBaytBQDPkg1MJZow5SvG5NkqPUI8wsWKnw/0?wx_fmt=jpeg,http://mp.weixin.qq.com/s?__biz=MjM5NjU5NDkzMg==&mid=2652208485&idx=1&sn=f36ba5fab088cca680e951e5859d8b18&chksm=bd0708fe8a7081e87ef2353d75f59391a855d1f00904c5148886f576fdc2ca8711db4d4c3307#rd,2024-02-17
30,送你一阵风，一朵开在春天的花,祝你新年快乐，活得广阔。,https://mmbiz.qlogo.cn/sz_mmbiz_jpg/5ibaumOWQEWTvOLnvfMXceTYGHoJrqw4oCg0gKXXjxga1Q8Ribib7jhUIVZbYCvGtYBF30zbH7Tna1z6GOrS0Ds9Q/0?wx_fmt=jpeg,http://mp.weixin.qq.com/s?__biz=MjM5NjU5NDkzMg==&mid=2652208444&idx=1&sn=0a570f709563f0aa50a810b28a46d606&chksm=bd0708a78a7081b1e3c4e44b144cbe6f7f71a42f4186d07a999d2e6828b7daa1db1ac2f4e3a0#rd,2024-02-16
31,把普通的日子，过成想要的生活,热烈地爱，深情地活,https://mmbiz.qlogo.cn/sz_mmbiz_jpg/5ibaumOWQEWTvOLnvfMXceTYGHoJrqw4oCosbacRHician3DheQO7Pgy2viba4NNO86KibAnxNcrWoSDz5U10Ukiaibaw/0?wx_fmt=jpeg,http://mp.weixin.qq.com/s?__biz=MjM5NjU5NDkzMg==&mid=2652208316&idx=1&sn=9538b2be0f38cd0ac041d4858f290020&chksm=bd0709278a708031b49de9ec054bcba55df2cf2b0eaeeae5e1e520fbddce61fbed5105cbfc4c#rd,2024-02-15
32,初五：手有余钱，行有余力,宽裕、富足、从容,https://mmbiz.qlogo.cn/sz_mmbiz_jpg/5ibaumOWQEWRJiaCjVW4MNIicsdwNnfB3dXoaia3jibxhVFuOAVfhAib0s9jVSHycRJ3GZ2vfd8zqQshyuicvJCBYJWhw/0?wx_fmt=jpeg,http://mp.weixin.qq.com/s?__biz=MjM5NjU5NDkzMg==&mid=2652208113&idx=1&sn=4991ab4662b10422206ae8f533c90948&chksm=bd070e6a8a70877c6e05e6d693a7697bb9226a13dff7a3832fd858019b04885b953ce8a2bacf#rd,2024-02-14
33,初四：愿新春以后，吉吉利利，百事都如意,所念之人，都能平安喜乐；所想之事，都能顺心如意。,https://mmbiz.qlogo.cn/sz_mmbiz_jpg/5ibaumOWQEWRU4HClm0WA3ZYtSzYCx6tdTEBoMVwLz5PkZT3ibX4JvYIPt9prey76vfz82AME7icCTs1B6gXgcrOA/0?wx_fmt=jpeg,http://mp.weixin.qq.com/s?__biz=MjM5NjU5NDkzMg==&mid=2652208098&idx=1&sn=eb16bc05e81bbf7b9665488f48996586&chksm=bd070e798a70876f43d634268d58fbe47d989b1673041dccedb8f7ab230657365cbd02c08b04#rd,2024-02-13
34,初三：新一年，会更快乐，更爱自己,若无闲事挂心头，便是人间好时节。,https://mmbiz.qlogo.cn/sz_mmbiz_jpg/5ibaumOWQEWQjMaBKkIT0Ch8HHnh8uFEPZia2v46BB7WEDMtMibUn7KUMkugWrGEeeF6K0iaZBX0dvYDibRKnVRC0TQ/0?wx_fmt=jpeg,http://mp.weixin.qq.com/s?__biz=MjM5NjU5NDkzMg==&mid=2652208081&idx=1&sn=1534dae0832af5848f52e921e63eafb5&chksm=bd070e4a8a70875c7e6b38b7376fc4efff96c3f394f9fc99346693852c136f5800c19429f764#rd,2024-02-12
35,初二：不惑不忧不惧，游刃有余过好每一天,愿我们都能拥有更多的智慧、仁德和勇气,https://mmbiz.qlogo.cn/sz_mmbiz_jpg/5ibaumOWQEWSQwfBRdPbPF14YWGH4cR9hm4HX9qnAW2hFhTARia246XNvx3CBpibMyaodlKPJh4nfdpxJn8wsFvfQ/0?wx_fmt=jpeg,http://mp.weixin.qq.com/s?__biz=MjM5NjU5NDkzMg==&mid=2652208024&idx=1&sn=d98f0b5eadad68f6368833b7fb354995&chksm=bd070e038a708715f634fd3cc5c8603f9b4cebb6e0c53fd37077657101ff418aeb15c552712a#rd,2024-02-11
36,大年初一：乐只君子，福履绥之,多行善事，百福自集,https://mmbiz.qlogo.cn/sz_mmbiz_jpg/5ibaumOWQEWTRk8Wgqg8FPKJHEl03UWqejgYT04L5LMXvNdDAGwjN7881P1X5NKsiaJuEiaibCtDW3fkvCH7y92a1Q/0?wx_fmt=jpeg,http://mp.weixin.qq.com/s?__biz=MjM5NjU5NDkzMg==&mid=2652207984&idx=1&sn=5ff3b00cd15377334e96cab8828e470e&chksm=bd070eeb8a7087fd615613ff56965826b6870619b3a9c67b20dd37db7859e6f756aef2f7ffe1#rd,2024-02-10
37,有龙则灵，有你更行，愿新年胜旧年,故岁今宵尽，新年明日来,https://mmbiz.qlogo.cn/sz_mmbiz_jpg/5ibaumOWQEWT3Ubr9IKTlZtRL4EdDYO98MbTCxzqhibRiawkF5n6DTer6tcKoMmI1pbLibY8Aphfw7kWC0DOSK0ITw/0?wx_fmt=jpeg,http://mp.weixin.qq.com/s?__biz=MjM5NjU5NDkzMg==&mid=2652207983&idx=1&sn=dff43f501c9522095740bd24a3b17714&chksm=bd070ef48a7087e27153a2b34058e2ae90345e8ba6a813580c72cc04a756fbc7602d5625c125#rd,2024-02-09
38,没什么值得纠结，也没什么不可释怀,"生活在一天天变小
正如当年它一天天变大",https://mmbiz.qlogo.cn/sz_mmbiz_jpg/5ibaumOWQEWTRk8Wgqg8FPKJHEl03UWqehnjy0TKSu6WpibwFuS4yUdziaIqnCylusI1ocbbmLVzqo5INLTnVvhicw/0?wx_fmt=jpeg,http://mp.weixin.qq.com/s?__biz=MjM5NjU5NDkzMg==&mid=2652207964&idx=1&sn=ea8573104af1a8bce0f237b8bd38d982&chksm=bd070ec78a7087d16674e61b1b34f24439f15c41234dd94fb1150e0792761626caf9afe0ed0c#rd,2024-02-08
39,新年会很好，何况春天已来到,你要自己跑进春天里，不要等。,https://mmbiz.qlogo.cn/sz_mmbiz_jpg/5ibaumOWQEWTRk8Wgqg8FPKJHEl03UWqeFbOlxhvYFFr8h1V2UINFHsDRqIR8a1CWNmgJsgCzm0ZCZJJMMme1ow/0?wx_fmt=jpeg,http://mp.weixin.qq.com/s?__biz=MjM5NjU5NDkzMg==&mid=2652207833&idx=1&sn=48aeef3ead7559092e422ac3efb54a97&chksm=bd070f428a7086547f7ac2aad2b045e3b2a68064dce8997b1545a4cbe22b155d0897d052ca9a#rd,2024-02-07
40,岁末三宜：清空、看淡、重启,中国人的愉悦事务清单No.11,https://mmbiz.qlogo.cn/sz_mmbiz_jpg/5ibaumOWQEWTsm4CkSfsymMw52krBb2MJvnDdgSXxJeIGxquM462bNeVgCdGVfmle2kyxIXK24ibzzqicPKPBoZRA/0?wx_fmt=jpeg,http://mp.weixin.qq.com/s?__biz=MjM5NjU5NDkzMg==&mid=2652206830&idx=1&sn=3ab42e00d6314bb21a5b7f07cbdd844a&chksm=bd0703758a708a63995ee54239017510625e9d1482c131440afc7089e37527065773142c1fb7#rd,2024-02-06
41,澄明糊涂皆有时，或许这样我们可以更快乐,不必追究，何须说破,https://mmbiz.qlogo.cn/sz_mmbiz_jpg/5ibaumOWQEWQxMOkvqE4KnebZLbJUJ0grtHl4aDQnyg9wxao0l3mXn6OWaZfkM2h097e6MXjpHeUSszY7gIxNeg/0?wx_fmt=jpeg,http://mp.weixin.qq.com/s?__biz=MjM5NjU5NDkzMg==&mid=2652206744&idx=1&sn=ece05693e1e7a96eb21122a27b4e8708&chksm=bd0703038a708a153f4436793fa413abd91a33a03c689134b327ae579aa85195cfa04bc1e902#rd,2024-02-05
42,立春：会有新的花朵，新的温暖日子,一到立春，总是暖的,https://mmbiz.qlogo.cn/sz_mmbiz_jpg/5ibaumOWQEWQribKjII3zUf12qE93hpvKPnZLibcWibI2sUxdpI21xibicIuZgqLCNejmw1LrfdDPPevI4Y17dStjamA/0?wx_fmt=jpeg,http://mp.weixin.qq.com/s?__biz=MjM5NjU5NDkzMg==&mid=2652206703&idx=1&sn=f79b29411bda8cb54e298052629e35d6&chksm=bd0703f48a708ae2a0a1b5ea3a08c6094cf60de0e56cbdaae45248b10042e5d70866f74a765f#rd,2024-02-04
43,我们期待过年时，是在期待过更好的生活,年意其实不在任何其他地方，它原本就在你的心里,https://mmbiz.qlogo.cn/sz_mmbiz_jpg/5ibaumOWQEWRfeChFLJr6Hmub8jSibzEt5mhJzIYHSP1mMKP7ChiaSzXhOwHwNCk3BgexicpScViaZQrYAD8ibRQp8fg/0?wx_fmt=jpeg,http://mp.weixin.qq.com/s?__biz=MjM5NjU5NDkzMg==&mid=2652206700&idx=1&sn=b35decf798ba76a9a7d2047300c694a9&chksm=bd0703f78a708ae151390d7828338f26ac69fa236558305502d6202ca4662176cc35ded34724#rd,2024-02-03
44,小年：小时候总想长大，离开才知家乡重量,爱一切团团圆圆,https://mmbiz.qlogo.cn/sz_mmbiz_jpg/5ibaumOWQEWT5tXVtsHtd1jbel3XN4xibGcKaKtPvKvqp6k89RI7OCJbIwZTx7kTT8nL1cYBOlXutxbE06wlibVqA/0?wx_fmt=jpeg,http://mp.weixin.qq.com/s?__biz=MjM5NjU5NDkzMg==&mid=2652206670&idx=1&sn=2f3e044d4d14452b056b487f636fa9d6&chksm=bd0703d58a708ac3a097eead53584934061aaaa8319001d769514f304b7ba2334dbac8d67e9c#rd,2024-02-02
45,试着放下往事，任它过去有多美,"那时候雨下了整整七天
衣服也淋湿了七次",https://mmbiz.qlogo.cn/sz_mmbiz_jpg/5ibaumOWQEWSXdqYmicwVeCRE3W9KJTjsm97btSA9Cv3c8zIgF3tV3q1ZafZS9RVlkU2uB5kpZ74SpZR5keCZ8yQ/0?wx_fmt=jpeg,http://mp.weixin.qq.com/s?__biz=MjM5NjU5NDkzMg==&mid=2652206467&idx=1&sn=1c04a86a4af1bd85e1c72931edaf1d26&chksm=bd0700188a70890e4c6d10aaf435df62192b407a032dedce1d4bb08ed3215ccc6e2825a5bec1#rd,2024-02-01
46,二月：祝你万象生春，生活吉吉利利,休将旧事从头说，且喜新年入手来。,https://mmbiz.qlogo.cn/sz_mmbiz_jpg/5ibaumOWQEWQxMOkvqE4KnebZLbJUJ0grFKbNoexySa7ZyRg4Y79zsku3DaVXR2lh5hMUtsQFfHViaEgUHcpnJ1w/0?wx_fmt=jpeg,http://mp.weixin.qq.com/s?__biz=MjM5NjU5NDkzMg==&mid=2652206362&idx=1&sn=fb9cb398de058b52ac22bbf754b2bd77&chksm=bd0700818a7089973c37e7bd1a58f8236f99c37ff696ea5d4c45050821876fc02ae9fcef370c#rd,2024-01-31
47,我不再是自己的陌生人，生活也不在别处,生活可以很简单，喜悦也可以在平淡里,https://mmbiz.qlogo.cn/sz_mmbiz_jpg/5ibaumOWQEWR8CWiaz6ecSOGVVamUxAmubWnRK4JH3sNhwffgJA0q1kibgzfuyD4YyltknqGFIbvT69s9f0DDI4SA/0?wx_fmt=jpeg,http://mp.weixin.qq.com/s?__biz=MjM5NjU5NDkzMg==&mid=2652206134&idx=1&sn=a9b2c33d7e907f7e492fe1e348e8a468&chksm=bd0701ad8a7088bbe29f7c645f2165f014786c483258af0984f2352be0d831879d6bf28e7fd6#rd,2024-01-30
48,你要去见见山川，会一会陌生的人,莽莽苍苍，人间行过。,https://mmbiz.qlogo.cn/sz_mmbiz_jpg/5ibaumOWQEWQ7hktibKqODHl8MPNibyVmM2mypU2YG32aGeYZTKcIZbpfibJUMnrohFrLUJIwWtQAicqYWM7JLnZo7w/0?wx_fmt=jpeg,http://mp.weixin.qq.com/s?__biz=MjM5NjU5NDkzMg==&mid=2652206081&idx=1&sn=111aff4e46c048b2445987ffb6f77c98&chksm=bd07019a8a70888c0cc05a7b7a86cbfcce230b94285c9853c242c047b0aba8f306b2de25b01f#rd,2024-01-29
49,来年可待，一行一步一花新,中国人的愉悦事务清单No.10,https://mmbiz.qlogo.cn/sz_mmbiz_jpg/5ibaumOWQEWQ7hktibKqODHl8MPNibyVmM2hxvsby1zRME1g6bcnKAVSaMw4jJYdxboZQezbyroibIic6A98AI9kCJg/0?wx_fmt=jpeg,http://mp.weixin.qq.com/s?__biz=MjM5NjU5NDkzMg==&mid=2652205597&idx=1&sn=932b35fbad87f07d6b72292e38db5b1d&chksm=bd0707868a708e90d2fb3bbaf94e07a3607157f517d9ca2c8c7d6ece57cbaee18f1d3b8878e2#rd,2024-01-28
50,渴望有烟火的“桃源”，做闲适自在的“散仙”,“愿做桂林人，不愿做神仙”,https://mmbiz.qlogo.cn/sz_mmbiz_jpg/5ibaumOWQEWQcUrjyAKvVJlXbtPAibdicXWr6bSK9wuxtHzARXVic6ibEwYicDnooYbkT5mN8vI65l1e2eTGvFqTNCIA/0?wx_fmt=jpeg,http://mp.weixin.qq.com/s?__biz=MjM5NjU5NDkzMg==&mid=2652205568&idx=1&sn=265aad49966467b60fdccb8927b99f15&chksm=bd07079b8a708e8dd1cee24c44c8ae819e5daba0ce832c57609f64bc863bd3464d6512a65cc4#rd,2024-01-27
51,祝你平凡，祝你花期漫长,我们多数人，注定要在平凡中寻找活着的意义。,https://mmbiz.qlogo.cn/sz_mmbiz_jpg/5ibaumOWQEWRSzriaicyOTficw1rZqMGlbRenj0mxicuRa3geiaSDRQc65P8nK203IXf7x6bmkmOmLz2AD7u9bY7zyiaw/0?wx_fmt=jpeg,http://mp.weixin.qq.com/s?__biz=MjM5NjU5NDkzMg==&mid=2652205538&idx=1&sn=d83b7fa182e6f127915f9c6cc4307317&chksm=bd0704798a708d6f8c7b7e6fc7144691fbcdf8d548f1b3ae8f9f68bb1ba6edf7eb6c1d9a075f#rd,2024-01-26
52,顺意地活，自在地爱,"我心里翻滚着爱
那就任由它翻滚吧",https://mmbiz.qlogo.cn/sz_mmbiz_jpg/5ibaumOWQEWSfjG09DcvXW7liaIDicQX8Xiacvgl2QhkaukewW28PHicnic8PfiaFPjXJ7vm7qMibOLIHmFBxs2y9X1b8g/0?wx_fmt=jpeg,http://mp.weixin.qq.com/s?__biz=MjM5NjU5NDkzMg==&mid=2652205355&idx=1&sn=d862497513a931e83721d379a84f485b&chksm=bd0704b08a708da66cd367f4d78173b9747387758d90f7015c7097efe88976e0fd7830587a25#rd,2024-01-25
53,时间静默不语，却足以回答所有问题,"给生活以时间，
纺出你看不见的命运之线。",https://mmbiz.qlogo.cn/sz_mmbiz_jpg/5ibaumOWQEWSmRPWJkd82KCTcF4dM0zicN9tGNLys5gXZkZcMicq8YypoA0hgBjA148SicZsicP9Aiby6Td16DzxbFWA/0?wx_fmt=jpeg,http://mp.weixin.qq.com/s?__biz=MjM5NjU5NDkzMg==&mid=2652205235&idx=1&sn=f1bb1cca4d8fc81d5ffeb0f3339ad1cf&chksm=bd0705288a708c3e0d192bcc2892c6d1c44beda1da4c852f5b476c7092fbc8aa5a71ed193a16#rd,2024-01-24
54,此心光明，人生才会光明,越是慌乱时，越是修心时。,https://mmbiz.qlogo.cn/sz_mmbiz_jpg/5ibaumOWQEWSHUulq6vhpcnlWQauJpfwXg7h5KjXibv5AcWxUWKOsa1QicibjLrvbiaze2ppUL1Nicm6BbJ1PD4eUMwg/0?wx_fmt=jpeg,http://mp.weixin.qq.com/s?__biz=MjM5NjU5NDkzMg==&mid=2652205094&idx=1&sn=3af45f334ae67e33a0b6f162c6f170d0&chksm=bd0705bd8a708cab21c9bb29e758e794fc2c1a74b708d616f113cfdec11894c02a3b2627c6d3#rd,2024-01-23
55,比起两个人的寂寞，我宁要一个人的孤独,人生就是孑然独处,https://mmbiz.qlogo.cn/sz_mmbiz_jpg/5ibaumOWQEWRSzriaicyOTficw1rZqMGlbReiauMlYE4jzCCFicGApz7l5jTibGvjJJhqPoMATEsFBxcSBu4Lr3leu2BA/0?wx_fmt=jpeg,http://mp.weixin.qq.com/s?__biz=MjM5NjU5NDkzMg==&mid=2652204551&idx=1&sn=72ea028ac4e9058070679f331f4cdc74&chksm=bd071b9c8a70928a0a2e3b50b7d36d6cbbfebc6db643244f0eab59e5fe9138c6c9f1541b6e4b#rd,2024-01-22
56,别着急，我们就是要在生活中慢慢感悟如何生活,坏日子，要飞快去“度”，好日子，要停下来细细品尝,https://mmbiz.qlogo.cn/sz_mmbiz_jpg/5ibaumOWQEWSeAKVDeItPcv4ibTpaj9kl30LoJPDJKZTQdqZ25km7NWrjUt4TB2uojj6cw04NTFyrzImGPoricsoA/0?wx_fmt=jpeg,http://mp.weixin.qq.com/s?__biz=MjM5NjU5NDkzMg==&mid=2652204442&idx=1&sn=3e6499748798dee251585670499c0b48&chksm=bd0718018a709117625e1e6cacdf7ab85811d950fb3bff945c239a902c6e179b69850a737f0f#rd,2024-01-21
57,大寒：越过苦难向春山,寒绝逼春来,https://mmbiz.qlogo.cn/sz_mmbiz_jpg/5ibaumOWQEWTcV7ic66v1c6jhDE4RUnnvaic1tEpM8icwXhRUuQNqkxcicw7zO4lXwLDgpWPBuibdhISoDEPGjg1VAJw/0?wx_fmt=jpeg,http://mp.weixin.qq.com/s?__biz=MjM5NjU5NDkzMg==&mid=2652204355&idx=1&sn=b3ea1639cadb21f06d17a6914d2d0ed3&chksm=bd0718d88a7091ceb57939b229c71015e2a62936f864b5b9c2812f9888a45f0bd285777b74c7#rd,2024-01-20
58,赤忱地相爱，不回头地说再见｜「为你读诗」,要明亮地相爱,https://mmbiz.qlogo.cn/sz_mmbiz_jpg/5ibaumOWQEWRSzriaicyOTficw1rZqMGlbRe19GxHjCgnBbhkwsy5BPxNjWnudUyEILL4MfOnHiatQwZFNiaQ4TuIBjA/0?wx_fmt=jpeg,http://mp.weixin.qq.com/s?__biz=MjM5NjU5NDkzMg==&mid=2652204353&idx=2&sn=eb7b10e065a621aa1abfd40bcf8d785b&chksm=bd0718da8a7091ccf36943b480fa2add4becfeae7d4465243f55ea070f4628c03570c28878d9#rd,2024-01-19
59,我要拥有敞开的一生，与更多可能相逢,"用真诚对待真诚
用一生去书写一生",https://mmbiz.qlogo.cn/sz_mmbiz_jpg/5ibaumOWQEWQNpExhRibEpV9GHHGJIjrga6DnKOl8usZX1Oq0AhsIIAtia8iaJtNs7tWQIjibWdCicBBzUElc7faAoibw/0?wx_fmt=jpeg,http://mp.weixin.qq.com/s?__biz=MjM5NjU5NDkzMg==&mid=2652203869&idx=1&sn=e01a509edd2d99b5dbd65166bca1498a&chksm=bd071ec68a7097d0773daef0952339b3707f8616f8fbfaf6f73c00cec69cafb54fe2b7e4e79e#rd,2024-01-18
60,腊八：爱出者爱返，福往者福来,中国人的愉悦事务清单No.9,https://mmbiz.qlogo.cn/sz_mmbiz_jpg/5ibaumOWQEWRSzriaicyOTficw1rZqMGlbRelcRL4cB2stBRsyeJGQFyDyodicXZpdkZ8H8BDNt2sZbapfdSgwlWHGA/0?wx_fmt=jpeg,http://mp.weixin.qq.com/s?__biz=MjM5NjU5NDkzMg==&mid=2652203645&idx=1&sn=2a65dc98926533033eeab2eeae5c8342&chksm=bd071fe68a7096f0569315394c8a3402ffe62938130a247c3c0d289d53a14a858bbb4033d662#rd,2024-01-17
61,爱着而不必多说，这样就很好,我们只想到，如何静静地苍老。,https://mmbiz.qlogo.cn/sz_mmbiz_jpg/5ibaumOWQEWSSODAHW6SFDE8ldmVicDCrDCjUWXOG67tWQzdqYk9KGeo00YZkeVL1PwOr5v8lXFvSQ9wBlHlW3bg/0?wx_fmt=jpeg,http://mp.weixin.qq.com/s?__biz=MjM5NjU5NDkzMg==&mid=2652203528&idx=1&sn=7b99f84cfa1cd5db06184d1a442d10bf&chksm=bd071f938a709685b01b110853a26c22ad69dd9a1eaa22483ddc7c382a3c6444068586e19b03#rd,2024-01-16
62,繁花绽放，活出自己的腔调,在我和世界之间，有一个你,https://mmbiz.qlogo.cn/sz_mmbiz_jpg/5ibaumOWQEWSSODAHW6SFDE8ldmVicDCrD9MX44MpKj2StunEjAMzpyMayI2g8XFwMVNicGJ7ZkOQ01WkcF25qtrA/0?wx_fmt=jpeg,http://mp.weixin.qq.com/s?__biz=MjM5NjU5NDkzMg==&mid=2652203315&idx=1&sn=216945a8e0c6dc5caeef60585a952908&chksm=bd071ca88a7095be1e3a941d43d12631809ab728b9f78cbb964b5055121e481816ef358378a4#rd,2024-01-15
63,活在光明里的人，不会有失败的人生,走到光明里去,https://mmbiz.qlogo.cn/sz_mmbiz_jpg/5ibaumOWQEWSxmqFmZCHAJq9Tkvt6Mmll8lzEXCzlMcTpicZr3aa84iaVaZeEed0UWkG7EawBucXBuqvAJGPkzGLg/0?wx_fmt=jpeg,http://mp.weixin.qq.com/s?__biz=MjM5NjU5NDkzMg==&mid=2652203244&idx=1&sn=c02660af1a9af8143e5c38979aa8ec3d&chksm=bd071d778a7094610d2ccd7a3ae3fdf3dadbef6838f81def5bf98674099d5c8a405ad8031fe6#rd,2024-01-14
64,你只是从人海中来，又复归人海里去,遇见你，而后有悬崖,https://mmbiz.qlogo.cn/sz_mmbiz_jpg/5ibaumOWQEWTzfTtjFT5Fcpn0MNq33dtlaEDWn2UTGmZdjfxvGKQUicXL1TSmFGaNouFBrWIdiavXiaVkpRbGD4yxQ/0?wx_fmt=jpeg,http://mp.weixin.qq.com/s?__biz=MjM5NjU5NDkzMg==&mid=2652203232&idx=1&sn=11eaa8f0d91d4b5aaa57478394081768&chksm=bd071d7b8a70946d25bb94c971164d68b1d1657d568fe88297fdb3d45bdff80662a56ff7c857#rd,2024-01-13
65,还在等一场大雪，堆一个失去多年的人,就当那皱纹是我想念的涟漪,https://mmbiz.qlogo.cn/sz_mmbiz_jpg/5ibaumOWQEWTzfTtjFT5Fcpn0MNq33dtljl75ia7cVmsJnmPlZv7MTUaBxZvMrLRcSOFJTJDrKUApYwh9kTHVqAw/0?wx_fmt=jpeg,http://mp.weixin.qq.com/s?__biz=MjM5NjU5NDkzMg==&mid=2652203166&idx=1&sn=047587c91c1392dcab727adc89bfa566&chksm=bd071d058a7094134266fe36e73f587a02709338fef034a89e93f7dd7e0f5327899e8ff59913#rd,2024-01-12
66,每天都是一首诗，每个字都是一颗星,会有一颗星，等你抬头去看,https://mmbiz.qlogo.cn/sz_mmbiz_jpg/5ibaumOWQEWSYp6qbVcGa3JcmU3RsPk1ZppdONmpCb3Fy1ziagWib4U1ptia5ImmgJQaxPwqSRomPgEAphS8WbbU9w/0?wx_fmt=jpeg,http://mp.weixin.qq.com/s?__biz=MjM5NjU5NDkzMg==&mid=2652202763&idx=1&sn=244089792dba644ce62c3a39f7dabdf4&chksm=bd0712908a709b86a9c7781af3f284aa6e40077aedda7be603442b89f7fe8cee9e98aed03843#rd,2024-01-11
67,吾心自有光明月，千古团圆永无缺,2024，我心光明,https://mmbiz.qlogo.cn/sz_mmbiz_jpg/5ibaumOWQEWQQAWvlhB3zWqBEvG0flwMAWdrdFKiad50R9bvIQnIxVfvicKMOYDySOyOvDc5icxV4lUqicXW3WLFTvQ/0?wx_fmt=jpeg,http://mp.weixin.qq.com/s?__biz=MjM5NjU5NDkzMg==&mid=2652202720&idx=1&sn=0d9faad3646b22bb2320378d1241e958&chksm=bd07137b8a709a6dac45b5e91f57176fb4af550e07bb6284a05b60d7dd44fae457c7bb528802#rd,2024-01-10
68,说会好起来时，是在相信你自己,"赤足跋涉
穿过大雪",https://mmbiz.qlogo.cn/sz_mmbiz_jpg/5ibaumOWQEWSZRy7YelPadh7P0Dl93UczsPMsRgAO1O1jz3e0gibOLurbnZI2ot8CgW7kRyR7rqFvDuLj1vV8sIw/0?wx_fmt=jpeg,http://mp.weixin.qq.com/s?__biz=MjM5NjU5NDkzMg==&mid=2652202614&idx=1&sn=c722935eb518a66dc9db6091f0a2aa87&chksm=bd0713ed8a709afba97879cf13c71b6cac0e7bb8ef6e6dae786caa4b38b51c81448980cf1219#rd,2024-01-09
69,只是提起你，就觉得温暖和自豪,”愿相会于中华腾飞世界时“,https://mmbiz.qlogo.cn/sz_mmbiz_jpg/5ibaumOWQEWSZRy7YelPadh7P0Dl93UczrHdrpoGbT6ibLfGvfEMXxrYgBsCj8PB0fbibETYiciabnN9W2zTokNZX4w/0?wx_fmt=jpeg,http://mp.weixin.qq.com/s?__biz=MjM5NjU5NDkzMg==&mid=2652202599&idx=1&sn=60303c19fe3deb6278639703f774be95&chksm=bd0713fc8a709aeadc5e451523174bcec888debcd348815ea0924e208b866aa15e54a3ea515d#rd,2024-01-08
70,尔滨呐，冬日果然很可爱,冬有美好的回忆一把,https://mmbiz.qlogo.cn/sz_mmbiz_jpg/5ibaumOWQEWRc1C4jq0pMqxbuWOEegmJ5o1VdHVf1BRbafibicdibqxVdppKKJrDKKia6hias8f3gql1rM8eojV4Z3Ew/0?wx_fmt=jpeg,http://mp.weixin.qq.com/s?__biz=MjM5NjU5NDkzMg==&mid=2652202261&idx=1&sn=0ca12d4a7c83dad0f6df93c8508bc9ec&chksm=bd07108e8a709998190d437b550f341ea69105b98c80103d6927ea1be9b4d533dce6c515f0f1#rd,2024-01-07
71,小寒：人生永远柳暗花明,莫怪严凝切，春冬正月交,https://mmbiz.qlogo.cn/sz_mmbiz_jpg/5ibaumOWQEWTSAxlt2iclibCXK3EvPPPvTribygibVs6V7MVEAsicoWqNaswZgibgqJjOOVaSHKhGrNPW1icQt9dKIbZUw/0?wx_fmt=jpeg,http://mp.weixin.qq.com/s?__biz=MjM5NjU5NDkzMg==&mid=2652201893&idx=1&sn=a3c53498d2b7510bc583d7403e0272d2&chksm=bd07163e8a709f28f20d0c66aaafa9e3b380ef2d225fc103f23ae150a4c41b0c844825a98e38#rd,2024-01-06
72,从今往后，只对值得的事物用尽深情,丑恶来自贪婪，美丽出于纯粹。,https://mmbiz.qlogo.cn/sz_mmbiz_jpg/5ibaumOWQEWTSAxlt2iclibCXK3EvPPPvTry24vq9iaVmeK4A1yibxCukSlQbcwDYj6vlyAGv1upE1zw8gvo3mDx81A/0?wx_fmt=jpeg,http://mp.weixin.qq.com/s?__biz=MjM5NjU5NDkzMg==&mid=2652201890&idx=1&sn=969bc232f2aeb1c840e87467dd30389d&chksm=bd0716398a709f2f7306f3b064089d29c03c9f291d659254ea13d971f71579af47b42affc7c1#rd,2024-01-05
73,你好呀，我的生活,"无论怎样古老的故事，最终
也要回到生活中去",https://mmbiz.qlogo.cn/sz_mmbiz_jpg/5ibaumOWQEWTAAOpGpvO9vhCWnXpibj2LrLyCdQJ4okjTpcu7cqABoqC2kN4CgYYBuC1IiaabUOTnkibbqwxstN8ibg/0?wx_fmt=jpeg,http://mp.weixin.qq.com/s?__biz=MjM5NjU5NDkzMg==&mid=2652201774&idx=1&sn=c776fd9938273a01d1d07b6542e5155c&chksm=bd0716b58a709fa38f6522fd8cd426017902d97f56e28d68cf2970b7fed246942c338e4c389b#rd,2024-01-04
74,会有如约而至的春天，繁花似锦的新年,祝你长年有阳光灿烂的日子,https://mmbiz.qlogo.cn/sz_mmbiz_jpg/5ibaumOWQEWTpeBdaAA9ZET5dV1E956RsyicoDsUnSGI8T8Z6MS3j6P4tdB8EcKCCnZzyVEQ8tVaiaRnXQCGZ0L8Q/0?wx_fmt=jpeg,http://mp.weixin.qq.com/s?__biz=MjM5NjU5NDkzMg==&mid=2652201485&idx=1&sn=e74cbd71bde3802180b658e80d7fd86d&chksm=bd0717968a709e804cdc7595854b097e37208b1ee90656401edf816a55eae36fc55a3d77985d#rd,2024-01-03
75,2024，奏自己的战歌，种自己的玫瑰,"决定了，新的一年
再离谱的生活我都要歌唱",https://mmbiz.qlogo.cn/sz_mmbiz_jpg/5ibaumOWQEWTpeBdaAA9ZET5dV1E956Rs7TYH4hKpbibGsm568TBQutIEIDXTibKl7vGkzFHl2FPmq7uQo4BLqGfQ/0?wx_fmt=jpeg,http://mp.weixin.qq.com/s?__biz=MjM5NjU5NDkzMg==&mid=2652201148&idx=1&sn=51c5cf20324ed686f4610746735da186&chksm=bd0715278a709c311747eb8c599c1e47872271ed964026580bc48c3d1b06b3ccffada3a5ca31#rd,2024-01-02
76,元旦：新的一年，如逢花开,俱道适往，着手成春,https://mmbiz.qlogo.cn/sz_mmbiz_jpg/5ibaumOWQEWRqV3icRm77QKYDibjX7IWtqSqFLfyeT7MqcSUmbSOvibNxaZF7fDI63ic4t625jqKEljFkeyXToFluxg/0?wx_fmt=jpeg,http://mp.weixin.qq.com/s?__biz=MjM5NjU5NDkzMg==&mid=2652201012&idx=1&sn=f549b2a9e1b0d12d6d4f76a3eeb58fa2&chksm=bd0715af8a709cb9b467aeef4e495f088d940cdc108ea0d1527141880f73c4f52f7b4a343a80#rd,2024-01-01
77,2024：从此刻开始，万喜万般宜,新的一年，如月之恒，如日之升,https://mmbiz.qlogo.cn/sz_mmbiz_jpg/5ibaumOWQEWRqV3icRm77QKYDibjX7IWtqSbiakgzplicNXhoHnafiaY3V7ia3lW81Nibt3qfA5ia2ksjTAws76iaFOmeicAQ/0?wx_fmt=jpeg,http://mp.weixin.qq.com/s?__biz=MjM5NjU5NDkzMg==&mid=2652201010&idx=1&sn=3ddb6d3e7a49bf6bc5b27da4ba601f26&chksm=bd0715a98a709cbf2d5f89310c4bf1cb1e4f935b72d0c4647fbaac81158843df8169f0d25b64#rd,2023-12-31
78,去往2024前，还想再看看我的2023年,在这里，你得到了属于你的自由。,https://mmbiz.qlogo.cn/sz_mmbiz_jpg/5ibaumOWQEWRxXQPlH8AAaJFfzp1m6gKTmpzXNO9ME9rAC2eCgEHKcMWHaNjiax4CG2PyXbfkpj1nltCribyicIKGw/0?wx_fmt=jpeg,http://mp.weixin.qq.com/s?__biz=MjM5NjU5NDkzMg==&mid=2652200958&idx=1&sn=194bd703b26d1d50aaba52c4efe4979a&chksm=bd072a658a70a3733b2ab6bd657935c546446ef6c8cc057eee75fc933b70ed59d79c6c26f0f3#rd,2023-12-30
79,我与我周旋久，看清自己才敢说认识世界,那心灵的神秘地带，是大千世界的回响,https://mmbiz.qlogo.cn/sz_mmbiz_jpg/5ibaumOWQEWRxXQPlH8AAaJFfzp1m6gKTsfGux9TKflvz0JZc8AS0H7V74d7vYicHyI3CEDIzSblow56dvxE9aPg/0?wx_fmt=jpeg,http://mp.weixin.qq.com/s?__biz=MjM5NjU5NDkzMg==&mid=2652200854&idx=1&sn=3d20c83c287069ff1f480f75ed887af2&chksm=bd072a0d8a70a31b725a93e5d97293e24457fe46e8fbca561335290a6eaa7c1aa8ebe31ccc51#rd,2023-12-29
80,放下一切忧思，好好安睡,中国人的愉悦事务清单No.8,https://mmbiz.qlogo.cn/sz_mmbiz_jpg/5ibaumOWQEWRxXQPlH8AAaJFfzp1m6gKTwibqz1pFfgALXUVHkNFuXEZc7D7AguwnmBFmVdSLibkYIgI2DFYyEsyQ/0?wx_fmt=jpeg,http://mp.weixin.qq.com/s?__biz=MjM5NjU5NDkzMg==&mid=2652200606&idx=1&sn=bdd3bea6fbdba3b53fb068f1ecead4e4&chksm=bd072b058a70a2131ff0d92793f37d5c93c240c14aa58c80d404ad5a16e12243a5d5ae8ad774#rd,2023-12-28
81,岁晚天寒，忍不住就想起了你,"想你
在每一个
恍惚的刹那间",https://mmbiz.qlogo.cn/sz_mmbiz_jpg/5ibaumOWQEWRcia6nMxVglmFQZ6ZsOumYcCfDdajNXZVnHrlfufgicTaTP1qnR0TczPamSTrS4H92SzLAZL7m80EQ/0?wx_fmt=jpeg,http://mp.weixin.qq.com/s?__biz=MjM5NjU5NDkzMg==&mid=2652200342&idx=1&sn=e51928465d18b7bf98d437cff466bda0&chksm=bd07280d8a70a11b76d488c613868aaa99259bc367f62087ed169a9131261ad8a910865ce8d4#rd,2023-12-27
82,我把自己经营得很好，不担心你姗姗来迟,"只要你会出现，不管多晚
我都心怀感恩",https://mmbiz.qlogo.cn/sz_mmbiz_jpg/5ibaumOWQEWRcia6nMxVglmFQZ6ZsOumYcg5CX2kySuzcpyX2wp8CaicV5I4JmpW5iaOkZLLIDxf2JM85iajDzzeLdw/0?wx_fmt=jpeg,http://mp.weixin.qq.com/s?__biz=MjM5NjU5NDkzMg==&mid=2652200274&idx=1&sn=af8abf4a91816b677b76a41bb3d9c6a3&chksm=bd0728c98a70a1df739563fca2b1bd1c5fdd80b1e037d96861c7e7ae55508d885fe51e07cf0a#rd,2023-12-26
83,祝你快乐，祝你是你自己,"谁能在这个晚上
让这个人哗哗快乐",https://mmbiz.qlogo.cn/sz_mmbiz_jpg/5ibaumOWQEWRicMJ0ibkSvaWMOwVutN8dwrSn2uucj5fHMKEG6GYknOmTk1pibI1iakg6JuPR5tibu0tCk8PibaSVO7Rg/0?wx_fmt=jpeg,http://mp.weixin.qq.com/s?__biz=MjM5NjU5NDkzMg==&mid=2652200142&idx=1&sn=8327355a6abcd65e26750f2ba4a47078&chksm=bd0729558a70a043e757bdd2b9521ebefb4001d19dc39d05b7f43c2d0ba933b0a3024c9a1496#rd,2023-12-25
84,人间是一片雪地，我们是其中的落雀,"“做人真是好难呐”
“有多难啊”",https://mmbiz.qlogo.cn/sz_mmbiz_jpg/5ibaumOWQEWQfgjibhf8elMiaJcTXHcvWI0UMcnkkO3vcFbuCzKkmHFksIFd8kxXGT3dRsQJ5Xc1xRkqRr07Ejwlg/0?wx_fmt=jpeg,http://mp.weixin.qq.com/s?__biz=MjM5NjU5NDkzMg==&mid=2652200035&idx=1&sn=9f2564d5f64f0e0d5f5f8f4715297534&chksm=bd0729f88a70a0eed05e91c1cf74a61c94b18f43aaf310ae09860cfe8c8cf3ab73c937b4ee32#rd,2023-12-24
85,知晓岁月匆匆，更想缓慢而深情地走过,计划表是空白的，但我的一天满满的,https://mmbiz.qlogo.cn/sz_mmbiz_jpg/5ibaumOWQEWQfgjibhf8elMiaJcTXHcvWI0lRVia2o4TcWzzo1xgOwNf3qDHt4PfoYy2Ym3MFrH06k2hzcWwWTuNrg/0?wx_fmt=jpeg,http://mp.weixin.qq.com/s?__biz=MjM5NjU5NDkzMg==&mid=2652200021&idx=1&sn=6a7a5ecbfe64647dfb45ad4814ef09f3&chksm=bd0729ce8a70a0d88fac5ad0312dbc525c2487b6214e37a13c48a07e811feb43f29ca3932654#rd,2023-12-23
86,冬至：从今天起，做一个焕然如新的人,为报方袍客，丰年瑞已成,https://mmbiz.qlogo.cn/sz_mmbiz_jpg/5ibaumOWQEWRNkg3M6OiakKhBHPdVMotbZoicWWp8KmibUgINGoCdmOlhNKdJqkByN0p3xE6GgGlF2AYuMj8YLaHYg/0?wx_fmt=jpeg,http://mp.weixin.qq.com/s?__biz=MjM5NjU5NDkzMg==&mid=2652199827&idx=1&sn=f2d758bdafd63edf1565463a319e8c99&chksm=bd072e088a70a71e6471b17cb820b6ad483d810ce6f8359ee82b72c2c99526e23a17217ebbe7#rd,2023-12-22
87,人生四戒：毋意，毋必，毋固，毋我,人活世间，有所为，有所不为。,https://mmbiz.qlogo.cn/sz_mmbiz_jpg/5ibaumOWQEWSWjsaej34gSWianjBHyhDHk9smgXXAYtXskwZSZTpbqe5DbhtJMlcKerrHgCqcEZuWVOiaJ7LibncsQ/0?wx_fmt=jpeg,http://mp.weixin.qq.com/s?__biz=MjM5NjU5NDkzMg==&mid=2652199824&idx=1&sn=17670329f4150f9a34196f9983946883&chksm=bd072e0b8a70a71dab403e33aa60108f8657bb9c0c9bdd361f74663c028a34c1b491c75691bc#rd,2023-12-21
88,任何爱过的人，都没有白活,那是有萤火虫的傍晚,https://mmbiz.qlogo.cn/sz_mmbiz_jpg/5ibaumOWQEWSv0dRKh6AGtjZPZUYNI8LjeQnpeAe21wbOncPNFmUqJBtnINjef1p3GeKYKspiaeIQmU1kfjDN9HQ/0?wx_fmt=jpeg,http://mp.weixin.qq.com/s?__biz=MjM5NjU5NDkzMg==&mid=2652199609&idx=1&sn=3b8b6cbc71bb6714a0826e2490d0e2e3&chksm=bd072f228a70a6349e939414313b0489b3596eb2f7845a50dd7e9329ec2269859d07ee427b25#rd,2023-12-20
89,人生有三道：上坡道、下坡道和没想到,"你是云、是大海、是忘却。
你还是你自己失去了的那一部分。",https://mmbiz.qlogo.cn/sz_mmbiz_jpg/5ibaumOWQEWSWjsaej34gSWianjBHyhDHkDbLV42bvq9rcXG9LQhgvUO1y2eQbg20mxS11I4B5Y2JCXdEFe6YSSA/0?wx_fmt=jpeg,http://mp.weixin.qq.com/s?__biz=MjM5NjU5NDkzMg==&mid=2652198742&idx=1&sn=a52a47ff762df6726a4d7eb746c7c1b7&chksm=bd0722cd8a70abdb3f5b9a4d2e818615e53ceb4c84ace3b3cefc72602abc51e1ce4625704dfd#rd,2023-12-19
90,让我们痛并快乐着，走向2024,冬天已经来了，春天还会远吗？,https://mmbiz.qlogo.cn/sz_mmbiz_jpg/5ibaumOWQEWR7jkxMCutxEj0OuPXJarSmfl7Mjibt5Gsqws5jXu4eO5dibKQwSSrWEjTVLeZKRL3lYHLjsq55icFhA/0?wx_fmt=jpeg,http://mp.weixin.qq.com/s?__biz=MjM5NjU5NDkzMg==&mid=2652198541&idx=1&sn=5cd810e46cc57211be66de22f3103e19&chksm=bd0723168a70aa004255f7029ab0b5e834163c150c61943bd865620cfde7550cbfb153abee5b#rd,2023-12-18
91,谢谢你，我的2023,致谢夜晚准时降临，让遥远的星星重新返回人间,https://mmbiz.qlogo.cn/sz_mmbiz_jpg/5ibaumOWQEWR2YzLuiaeJON45T7EFMZvdVSF70mFJLVB34NWibpYdgFibHbQ0vkmTSvnAP6RTibgmdt47WdOm1Qjt5A/0?wx_fmt=jpeg,http://mp.weixin.qq.com/s?__biz=MjM5NjU5NDkzMg==&mid=2652198322&idx=1&sn=fd72dcb9ea88b369bf21ffe563471fac&chksm=bd0720298a70a93fbb589a0cde095b8d0021914de76c36d14a9c8317e3c688fc4809dfac338f#rd,2023-12-17
92,生命是一万次的春和景明,越是寒冷，越要做些晴朗的事,https://mmbiz.qlogo.cn/sz_mmbiz_jpg/5ibaumOWQEWQ42I9hcXPnYialEH25UZ86jwmQ1fBt2mJYllhUWUHnIZl4XocRwj9CpOM6RQZk18hXdXIGgiboJhDg/0?wx_fmt=jpeg,http://mp.weixin.qq.com/s?__biz=MjM5NjU5NDkzMg==&mid=2652198303&idx=1&sn=32068e7bff31d2ab9fc6a0f0257a52e3&chksm=bd0720048a70a9121cf0911fde63aba626b342113420e1f8dc49d4915f7348e5e5a6f2ce1430#rd,2023-12-16
93,你一句近来可好，我已泪眼朦胧,"悠悠相思四十年
啊 时间的回纹针",https://mmbiz.qlogo.cn/sz_mmbiz_jpg/5ibaumOWQEWSnctG3DzgQnqk6CC15VLric5J13f8ibwKO5yHWicxv7YyVzNQcjVwa4VC2ic7ep7THe1A23iao2qJibFCw/0?wx_fmt=jpeg,http://mp.weixin.qq.com/s?__biz=MjM5NjU5NDkzMg==&mid=2652198299&idx=1&sn=17ab7334e0c7d8023fe04599f7f288bb&chksm=bd0720008a70a91663ca3636063d8f2bd06c4291236b87295a18daaf2e5cf8b1946f576ec314#rd,2023-12-15
94,日子摇摇晃晃，我们依偎着一起前行,"你不知道这些
可是你
给我一个拥抱",https://mmbiz.qlogo.cn/sz_mmbiz_jpg/5ibaumOWQEWQ42I9hcXPnYialEH25UZ86jkpI6H97LGT3ia7B8ibNz45E4mlFXjJiaBic8pqnljF9RJtoPicI4cEuq6hw/0?wx_fmt=jpeg,http://mp.weixin.qq.com/s?__biz=MjM5NjU5NDkzMg==&mid=2652198101&idx=1&sn=0c4a07112d6bcadba53cfafbb7da465a&chksm=bd07214e8a70a8585876a9f8ac72e6fde56605afcfc26a4b6c96bc7d362ed74d7d8ba3cef135#rd,2023-12-14
95,像雪一样活着，懂得成全与爱,"每一个行走在雪中的人
都是虔诚的信徒",https://mmbiz.qlogo.cn/sz_mmbiz_jpg/5ibaumOWQEWRkMBdTmeNBvrwQneHKwy5Gw0TELz2ypAmRqiaAib92cJiaAhjeFERWZ8j2WKVPGp7AcP1qVYCGiczBkA/0?wx_fmt=jpeg,http://mp.weixin.qq.com/s?__biz=MjM5NjU5NDkzMg==&mid=2652197574&idx=1&sn=ca216d0ba513d0c230692e9552fa51cc&chksm=bd07275d8a70ae4bc9a7c826ef179867b343dbd875d706609a2cca8440ecc0720484901c8f8e#rd,2023-12-13
96,等红灯的瞬间，我会短暂地想起你,绿灯亮起，就朝前走。,https://mmbiz.qlogo.cn/sz_mmbiz_jpg/5ibaumOWQEWREcQssXdoUNqtkjW60elhvyNiaw5Sp48uB9td9nRicx31PhrQTY27tGQhFib6A0B0WTNhOsvXwO8Iug/0?wx_fmt=jpeg,http://mp.weixin.qq.com/s?__biz=MjM5NjU5NDkzMg==&mid=2652197511&idx=1&sn=3dc791cfcc1d611deaff4bc531c60e0f&chksm=bd07271c8a70ae0a699591a19400702184cefb5b276ecdfb725a089b9c15b076646de47b2c0f#rd,2023-12-12
97,雪花飘落下来，我的心底也一片洁白,"我就在这里，可你不要读我
让我再白一会儿",https://mmbiz.qlogo.cn/sz_mmbiz_jpg/5ibaumOWQEWSZa0tTQTic15HhgviaTAXbhKHlHwfD8vllq9xIt8h3RXmU1m40Xj1WE10N5su7lQ76yqsfI2CqpT0w/0?wx_fmt=jpeg,http://mp.weixin.qq.com/s?__biz=MjM5NjU5NDkzMg==&mid=2652197427&idx=1&sn=58618d8816c30cd04455fce284c5826b&chksm=bd0727a88a70aebe3a0dbfce4105d59f351e6c870d4879470e40b87e6f4bdca2717dc8658078#rd,2023-12-11
98,晚来天欲雪，且去看梅花,中国人的愉悦事务清单No.7,https://mmbiz.qlogo.cn/sz_mmbiz_jpg/5ibaumOWQEWTxBFMVsvkg2ZXJicAn9qOkK5jficksp8Ay9qpnf3Lw5t8jzickUktVOfibkW7N0tfCGbjXJDclrx0OLw/0?wx_fmt=jpeg,http://mp.weixin.qq.com/s?__biz=MjM5NjU5NDkzMg==&mid=2652197200&idx=1&sn=fae9ce603a54d69fee0796516814d200&chksm=bd0724cb8a70addd4296306e240e9a43157d63da01fe920f154a822402b573995efe12b8db2f#rd,2023-12-10
99,他日得志，当吃饱饭便睡,大冬天睡个懒觉，不过分吧。,https://mmbiz.qlogo.cn/sz_mmbiz_jpg/5ibaumOWQEWSe1ib5gicdk9RpnpnbyDicvSbINWmfpP4WBNMw1xicjOibPn33VKTEgia1TfySeb0w0icbicnx5xHIKBlhQA/0?wx_fmt=jpeg,http://mp.weixin.qq.com/s?__biz=MjM5NjU5NDkzMg==&mid=2652197156&idx=1&sn=341f62b6a7b4979578d1c684e8a5ae11&chksm=bd0724bf8a70ada916eefd4659fb76df565197b30590d222d20b35fc54d4e3230803126a83c9#rd,2023-12-09
100,冬日清寒，我要抱着你的名字取暖,"很多人在轻轻地齐声安慰着你
也需要你给他们一个低声的安慰",https://mmbiz.qlogo.cn/sz_mmbiz_jpg/5ibaumOWQEWSe1ib5gicdk9RpnpnbyDicvSbe6DeG2MoWBfoOAtpFibM5QWwicfK9hS4RbG9xyYKHQc470Qa49fTktzQ/0?wx_fmt=jpeg,http://mp.weixin.qq.com/s?__biz=MjM5NjU5NDkzMg==&mid=2652197152&idx=1&sn=03fde689eef7cc4a216334f933e34ab8&chksm=bd0724bb8a70adadace44a560a8afb6e8dd3e3e45b3934cf98f98742944f667c0b5fca48aa4a#rd,2023-12-08
101,大雪：爱你的人会说，你像雪花一样可爱,雪似故人人似雪，虽可爱，有人嫌。,https://mmbiz.qlogo.cn/sz_mmbiz_jpg/5ibaumOWQEWR2RIia3snCOp6GWQcdjyD3ia5LA1Kmg141lj7tQSxrY3maHwiaQSbKsK7R9ic2uiaoF9h8OKxic4bUKptw/0?wx_fmt=jpeg,http://mp.weixin.qq.com/s?__biz=MjM5NjU5NDkzMg==&mid=2652196880&idx=1&sn=09297697f05df8fd4d1c33bf0865e128&chksm=bd07258b8a70ac9d757a1328c76063f1252426796d5efdd08ece7d2b2eaeb565f15574405e6f#rd,2023-12-07
102,站在2023年的年末，我想“咏而归”,何为理想生活，理想世界？,https://mmbiz.qlogo.cn/sz_mmbiz_jpg/5ibaumOWQEWSibD5KWG21owklVujU25N1n8f1aGyNicLhCMH4g8iaia3zA4TZicuqUS4A78g0WG9ibvibW83Ee6vgtUsxw/0?wx_fmt=jpeg,http://mp.weixin.qq.com/s?__biz=MjM5NjU5NDkzMg==&mid=2652196878&idx=1&sn=b031d9f9a75a6dd2bfc1e244527046d3&chksm=bd0725958a70ac838b73ca1ad5e93d8fa06b8e22819b2a4060810495e875db9bf09f025f6f63#rd,2023-12-06
103,在冬天，我用思念，把爱过的人再爱一遍,冬日里饮酒，似有故人来。,https://mmbiz.qlogo.cn/sz_mmbiz_jpg/5ibaumOWQEWSibD5KWG21owklVujU25N1naFzh6QWPkg1p83xWCeD83icodh3icGzToyibNTjyb28phdWlW2jQzAEag/0?wx_fmt=jpeg,http://mp.weixin.qq.com/s?__biz=MjM5NjU5NDkzMg==&mid=2652196682&idx=1&sn=d63a38ae3d897d0cdbfc059f2831fb00&chksm=bd073ad18a70b3c743257d2da17e106c8651fd82189bee2a8e2d127a5d83c342caa0cc4ec0d6#rd,2023-12-05
104,从往事里释放出来，这比遗忘更重要,"“忘掉那些忧伤吧，从阴影里走出”
释放是一瞬间的事",https://mmbiz.qlogo.cn/sz_mmbiz_jpg/5ibaumOWQEWTDkDgCnxRyp7heNJg4ibK5qWXwDxld4VqcOZwnKA3eoqrnjCqlS1PWrAuxYJ7iaT2nbtgiazv4qnnJA/0?wx_fmt=jpeg,http://mp.weixin.qq.com/s?__biz=MjM5NjU5NDkzMg==&mid=2652196528&idx=1&sn=1a64bef7730d4cb9e19f629dfb090b89&chksm=bd073b2b8a70b23d240ea478c3a6e2c47662f53561370488b493c0945e111e5ffb37c729c3e5#rd,2023-12-04
105,这不是我想要的生活，但还是尽力爱它了,有了爱，可以帮助你战胜生命中的种种虚妄,https://mmbiz.qlogo.cn/sz_mmbiz_jpg/5ibaumOWQEWTDkDgCnxRyp7heNJg4ibK5qgzAkuTIiafjycAF0hkR4cN0WanEkxPKHiaeM1go3icpoyu0B0ma6kthAQ/0?wx_fmt=jpeg,http://mp.weixin.qq.com/s?__biz=MjM5NjU5NDkzMg==&mid=2652196411&idx=1&sn=c31b83f685b6dba1798b9dd778aac269&chksm=bd073ba08a70b2b6cc94c02b29a35b7dd6987bd2135e504a17be6823457383042dba66d3ec0c#rd,2023-12-03
106,如果是你要来，我愿意再等等,我会等下去，直到万籁俱寂,https://mmbiz.qlogo.cn/sz_mmbiz_jpg/5ibaumOWQEWT7eLEmchkiaYV7CkBtk0aooatXrYFjppPdNdCibrIkrwnLV30rRBlhQLMiarLjeth86U8KUOTaEzZZg/0?wx_fmt=jpeg,http://mp.weixin.qq.com/s?__biz=MjM5NjU5NDkzMg==&mid=2652196363&idx=1&sn=e00ec60e4ed2902c9117200e3f5b70d1&chksm=bd073b908a70b28698cc8d3839fbf056efc3f32ae989ee7bae2bbf0c815defaea078b08640e4#rd,2023-12-02
107,孤独时听见钟声，像是思念有了回音,寒山寺的钟声接纳了每一个路过的旅人,https://mmbiz.qlogo.cn/sz_mmbiz_jpg/5ibaumOWQEWRDTNtAvYCt0IyqyZBlPNmGb2pouvdVAsgOQniabDUeHyAXk0tcAQTUyQ9dkoRCtZr0N3mFCtCL48A/0?wx_fmt=jpeg,http://mp.weixin.qq.com/s?__biz=MjM5NjU5NDkzMg==&mid=2652196309&idx=1&sn=795ac1b55312a26b4220f961d75bbb3c&chksm=bd07384e8a70b158f1c7f4126da258d119b169aaa97f50386738e1c9390fcd5a856e7e3d9ffc#rd,2023-12-01
108,十二月：年末的生活，明媚一些吧,‍不管怎样，明天又是新的一天,https://mmbiz.qlogo.cn/mmbiz_jpg/5ibaumOWQEWRiaiahmaSVlJ5QZEicfdLweBTC1S7ZlKdZgpu4L9jWNAIGweGPIocFs3So7DyINV2guYVXgmRzkByJA/0?wx_fmt=jpeg,http://mp.weixin.qq.com/s?__biz=MjM5NjU5NDkzMg==&mid=2652196024&idx=1&sn=f68c245f3c9326bdc8e31c2dc27edb92&chksm=bd0739238a70b03596afd5b19eddaccf62f48ad069cde97bc0c5f44f06d69488322e1ae54c7a#rd,2023-11-30
109,希望你懂，我的爱不善言辞,"我这样静静地爱你
带着世界的一小部分不圆满",https://mmbiz.qlogo.cn/sz_mmbiz_jpg/5ibaumOWQEWRDTNtAvYCt0IyqyZBlPNmG5nSiavYprt2aAsO3jmicfefNbCcudDIDt7vxJrUHK0lXoSanrrsxg2Cg/0?wx_fmt=jpeg,http://mp.weixin.qq.com/s?__biz=MjM5NjU5NDkzMg==&mid=2652195696&idx=1&sn=02f54b4bd26138df7376e4021c76d679&chksm=bd073eeb8a70b7fd90b8ef3e16d0af1f64541c2dee42824a80b7b5cba4a3e7ae6f0c6072315f#rd,2023-11-29
110,是一个淡淡的人，连喜欢也只轻轻说,要有流水的寂寞，和麦浪的丰饶。,https://mmbiz.qlogo.cn/sz_mmbiz_jpg/5ibaumOWQEWR5SqWKEwfHGBXfoGqFzVWMTn1Cbn5Dr0Yf9qSHVjQJn9U9Q0iaricfeJ20icMG6IicMz5SdtuP6o4FHg/0?wx_fmt=jpeg,http://mp.weixin.qq.com/s?__biz=MjM5NjU5NDkzMg==&mid=2652195470&idx=1&sn=82299016684c986d75ef2ca0aa4f1bed&chksm=bd073f158a70b6036994fc48cd8cf636798d299911aed5ea076cb644c1199c01c59f24b4a814#rd,2023-11-28
111,有些话，与其说给别人，不如写信寄与自己,写一封信寄给今晚的梦,https://mmbiz.qlogo.cn/sz_mmbiz_jpg/5ibaumOWQEWR5SqWKEwfHGBXfoGqFzVWMdwDvH0gmwgYibkbUqAQtcVLSFUX0Jaroy41C6iamJibmOmvhVDsmiaubkw/0?wx_fmt=jpeg,http://mp.weixin.qq.com/s?__biz=MjM5NjU5NDkzMg==&mid=2652195346&idx=1&sn=9cc6e4118925a8808b585d08c3546083&chksm=bd073f898a70b69f2a6c6ae75630f83095d9d7a791a94f396b3041356077e0f128d235c21353#rd,2023-11-27
112,想高声大喊，过清洁又健壮的生活,到了冬天，心就开始跳跃,https://mmbiz.qlogo.cn/sz_mmbiz_jpg/5ibaumOWQEWRiaiahmaSVlJ5QZEicfdLweBTOPG0aRZbULYlx18Oibic5HMdxPEScQLgicBul8uo7dia6kMDVpCvxlV3JQ/0?wx_fmt=jpeg,http://mp.weixin.qq.com/s?__biz=MjM5NjU5NDkzMg==&mid=2652195153&idx=1&sn=19c4925381ee5213df651446c66ef943&chksm=bd073cca8a70b5dca5f08f0082064e6e541ee0600de369a994a929c061108d74e1af834e4103#rd,2023-11-26
113,每天，把尘世和热气腾腾的生活重新爱一遍,"我希望，每一天都是盛世
喜欢每一天，忙碌庸常的早晨",https://mmbiz.qlogo.cn/sz_mmbiz_jpg/5ibaumOWQEWRzvQLNqRZ0B5WV3JcoMWbqGp5Qukf72bKoOGpfD1mGVniabEbUkmjjmNM9TxgJYf7kGQqdWvjJChg/0?wx_fmt=jpeg,http://mp.weixin.qq.com/s?__biz=MjM5NjU5NDkzMg==&mid=2652195054&idx=1&sn=ed369608fd161ac90bfe736eb04924cf&chksm=bd073d758a70b46379a563a1068ee4486fb0a506a1d79265650f04468c0038dac53dd40c67c5#rd,2023-11-25
114,愿用美妙的诗句，表达我们难以启齿的命运,"时间如此公平
给了善良的人足够长的岁月
给了卑劣的人短暂的一生",https://mmbiz.qlogo.cn/sz_mmbiz_jpg/5ibaumOWQEWQFL1DdUclaBiapoyNqQDAT9jwnKDeM1ibPBicR6VztIfoXTnE1WpHJLe1rhXSjyqYVNZhSEN0cr1iaqw/0?wx_fmt=jpeg,http://mp.weixin.qq.com/s?__biz=MjM5NjU5NDkzMg==&mid=2652195036&idx=1&sn=14d191657b673c95264f5084bb74a76e&chksm=bd073d478a70b4517ee8307c16c742a1f09658016e00ec433dcff0acae31df8bbcbb4c268fa8#rd,2023-11-24
115,为何李白如此爱黄河,有一瓢黄河水，一直住在我体内。,https://mmbiz.qlogo.cn/sz_mmbiz_jpg/5ibaumOWQEWQVObxTrVicnf6ibc2kiapy1n90kzJfDgrM7eia42DjhcP0eKxl8ib2C4ngwibIJ4tjfdf4YoVb0WPfXc4A/0?wx_fmt=jpeg,http://mp.weixin.qq.com/s?__biz=MjM5NjU5NDkzMg==&mid=2652194423&idx=1&sn=93aa2158142beaa80c2bdffb47df54f3&chksm=bd0733ec8a70bafaf418d9bce2cb6812c34942eff5f994cab4c39eb2b495b1efd87c8f33ac86#rd,2023-11-23
116,小雪：我在万物寂静中，等你到来,一枝参透乾坤缊，生意都从小雪来,https://mmbiz.qlogo.cn/sz_mmbiz_jpg/5ibaumOWQEWRqrxCGhCsHol5K1fTpFLxjmbXZO0j56536MSVbhH6exe3MSribqiaxSQCAsvxRGLlbe8JWKfWicT4UA/0?wx_fmt=jpeg,http://mp.weixin.qq.com/s?__biz=MjM5NjU5NDkzMg==&mid=2652194041&idx=1&sn=16c6e17f1a1a63d5975fdac089f131ab&chksm=bd0731628a70b87450d77d19e0d0d0fa4cfeff95c1e9ae53b2609f41ca08386747f3c60aaa0a#rd,2023-11-22
117,生活拍了拍你说：大胆去做，没关系的,"仓促的生活。
缺少排练的演出。",https://mmbiz.qlogo.cn/sz_mmbiz_jpg/5ibaumOWQEWRqrxCGhCsHol5K1fTpFLxjA1Jy0LC6prFqb2e1tG0Nbia7Bnmbb8E1iaNvYSNZwibup1ib69iakqWHf7A/0?wx_fmt=jpeg,http://mp.weixin.qq.com/s?__biz=MjM5NjU5NDkzMg==&mid=2652194039&idx=1&sn=a5b6f04c2f2af4f558687fde22449f83&chksm=bd07316c8a70b87a530e97a84318a4c1b40de6ad17338397977ab8659e01868ea18abb459354#rd,2023-11-21
118,若能，下个路口再会；若不能，就此别过,"要是不敢承担欢愉与悲痛
灵魂有什么意义",https://mmbiz.qlogo.cn/sz_mmbiz_jpg/5ibaumOWQEWS2EJ7VktficuM8FoELgaMCh60AolRbJaQjHPjHxAVZvn92IBXXvgVpZME0OyOCHnibCltOoGySjBoQ/0?wx_fmt=jpeg,http://mp.weixin.qq.com/s?__biz=MjM5NjU5NDkzMg==&mid=2652193702&idx=1&sn=3a6c66edafcd16ec1a8d3e1225828a42&chksm=bd07363d8a70bf2b7e2a898d0df5e772758011826b63a5ca822efa722b6d797148580a4b65e2#rd,2023-11-20
119,人间一趟，多晒太阳少管事儿,中国人的愉悦事务清单No.6,https://mmbiz.qlogo.cn/sz_mmbiz_jpg/5ibaumOWQEWS2EJ7VktficuM8FoELgaMCh78ykDq9LBGmjLs9ftVRykAVCj5t8EVIR4h3mG4nbzicU6voDibxvW0mQ/0?wx_fmt=jpeg,http://mp.weixin.qq.com/s?__biz=MjM5NjU5NDkzMg==&mid=2652193004&idx=1&sn=b632d4ad6be5c4e47eca459062de732e&chksm=bd0735778a70bc6125b2f6022bc79f0381a2af7638a0223a3229607b31ba2792e24426b4d47b#rd,2023-11-19
120,天冷起来了，想到一些温暖的事要做,"在冬天我要
做一个毛茸茸的人",https://mmbiz.qlogo.cn/sz_mmbiz_jpg/5ibaumOWQEWRoU3NI3SGyXzLUk6hQvobZFRjTrsJNxB3lUNHd0TQqQJbPQR3SLyfZvkicYzQUicospicVmdM9ic9fgA/0?wx_fmt=jpeg,http://mp.weixin.qq.com/s?__biz=MjM5NjU5NDkzMg==&mid=2652192682&idx=1&sn=0c65c8b7fc21f818017a4b2c169acb71&chksm=bd074a318a70c3279dda3404a481f13d1bb9690bafa54c7112c561fefaf83ef2a39c33e62c83#rd,2023-11-18
121,想你的时候，终于云淡风轻,其实，这完全是一种巧合,https://mmbiz.qlogo.cn/sz_mmbiz_jpg/5ibaumOWQEWRdLgM95sdfj00UCWCLj9QZ5x4KWRRaVjyvjA7r9CQnBxf1cu3rgwk8qSuNfcOibvcGY1JDsymp5lQ/0?wx_fmt=jpeg,http://mp.weixin.qq.com/s?__biz=MjM5NjU5NDkzMg==&mid=2652192631&idx=1&sn=4e93938b9324748af75fc4220cfeb8ff&chksm=bd074aec8a70c3faf0b3d5a46f7434efc5b72dc4187e99658a85b0329abe29a82ae1e29fdee8#rd,2023-11-17
122,我能看看你的生活，和你的诗吗 | 「为你读诗」诗歌有奖征集,人人皆有诗性，人人皆可写诗,https://mmbiz.qlogo.cn/sz_mmbiz_jpg/5ibaumOWQEWTicY3R2j4reA2Zm7Fapq14yoxA2U2zqWMfamv7z2IFMPOpNd3njfuPRHCLl8Le1lBEZiaMtdAFOXnw/0?wx_fmt=jpeg,http://mp.weixin.qq.com/s?__biz=MjM5NjU5NDkzMg==&mid=2652192559&idx=1&sn=7c5226ac868cbe10760a6e1bc81d1bec&chksm=bd074ab48a70c3a278b2f5f11013cb4a334c56e58082ee1228c5db5fc97e4ba6c35b7d3431f8#rd,2023-11-16
123,月亮只有一个，你也只有一个,你不完美，所以你才特别,https://mmbiz.qlogo.cn/sz_mmbiz_jpg/5ibaumOWQEWTKVwB6q2XPqDNqypN3moTf07HMYC4kXttqibCBGS6TXibyxewM4icynyicHLhg9iceqtsD8I7Xg1oibzMw/0?wx_fmt=jpeg,http://mp.weixin.qq.com/s?__biz=MjM5NjU5NDkzMg==&mid=2652192324&idx=1&sn=c358cf7c8ad7f2fdc400000f25bca5cf&chksm=bd074bdf8a70c2c905f39babf4452be86b25d37938aaf0119285de7b22dd094167eebc513f44#rd,2023-11-15
124,原来，人生就是一连串的等待,谁学会忍耐，就能拥抱生活,https://mmbiz.qlogo.cn/sz_mmbiz_jpg/5ibaumOWQEWSB6qXKXO6pjlZwwLGo1fHibSdkrGrEBHH3rCU9Ova984k0lZNR9ByOibO5ib9icpr0nicSVgCjgZ3ChCQ/0?wx_fmt=jpeg,http://mp.weixin.qq.com/s?__biz=MjM5NjU5NDkzMg==&mid=2652192177&idx=1&sn=f2a2e13f9700698ac0da2c89dc89bb7a&chksm=bd07482a8a70c13ccec8a83051ae24ee26bea224036a8e454b7bfc8bbb4c1bb42d0771ed24ae#rd,2023-11-14
125,谁又比谁更强悍与坚持呢？在这茫茫迷途中,"是在每一分秒里累积的微小细节啊
让生命有了如此巨大的差别",https://mmbiz.qlogo.cn/sz_mmbiz_jpg/5ibaumOWQEWTdkLWLlRXTtiag94v9sLsWvEtLLCho9seNGdk4ibkbXuPYmpGyyzg9o8azWbcb2BrAlUPBxHNoQrTQ/0?wx_fmt=jpeg,http://mp.weixin.qq.com/s?__biz=MjM5NjU5NDkzMg==&mid=2652192105&idx=1&sn=d23a360fe33e967ad994f6d019c9c16f&chksm=bd0748f28a70c1e49d156dc8f04d0fe7f4c56d500336d76b81a81457c202fbb431d334f1f550#rd,2023-11-13
126,真好，你还在这里,"白茫茫的尘世
有一种温和的悲伤",https://mmbiz.qlogo.cn/sz_mmbiz_jpg/5ibaumOWQEWTdkLWLlRXTtiag94v9sLsWvF7lBmKkoMr1hAS3OpxeEoQ717LfcqCCVDPzk1O7CWYmiaHUxliblAJdA/0?wx_fmt=jpeg,http://mp.weixin.qq.com/s?__biz=MjM5NjU5NDkzMg==&mid=2652192032&idx=1&sn=e740d26f40ff2b5291f379c210628ac1&chksm=bd0748bb8a70c1ad3c64ee4a3f095745a093b0a723f96f045221cacbc417361c2f06f47f39ff#rd,2023-11-12
127,你再不来，我就要落雪了,"冬天了
我们应该
靠近一点儿",https://mmbiz.qlogo.cn/sz_mmbiz_jpg/5ibaumOWQEWSHekD2icDTiaiaCO2TibGYx5SnVKyzKXyNlmgJM2DicgIRulbl1rBwB7skibeD5U9KvTvEIXXJ0gtT0Xlg/0?wx_fmt=jpeg,http://mp.weixin.qq.com/s?__biz=MjM5NjU5NDkzMg==&mid=2652191963&idx=1&sn=2517531281920403f9021898efb4f8ac&chksm=bd0749408a70c0563dbb93abfc41fa335481040c279792a9d2fbafaf2f219fa87720e4750697#rd,2023-11-11
128,转眼，深秋成了风景，初冬成了期待,如此雪夜，寻一人共同赏雪。,https://mmbiz.qlogo.cn/sz_mmbiz_jpg/5ibaumOWQEWQzwia7RrZU8UeoAW2GVvUrVCVf7xEE9h7BxP0ibPvr0LkOhC0mbP8JVFBQ6KBS6KNQvUC0b16jicEDg/0?wx_fmt=jpeg,http://mp.weixin.qq.com/s?__biz=MjM5NjU5NDkzMg==&mid=2652191962&idx=1&sn=8a30ff66e4590d82a655523355f983c6&chksm=bd0749418a70c0571a5df4c8fb1f03e49e05cc98450887548eb85f0c982d2602ece1e90bed41#rd,2023-11-10
129,秋天的遗憾就到此为止，何况新冬已经来临,真正的重复一次也不会发生,https://mmbiz.qlogo.cn/sz_mmbiz_jpg/5ibaumOWQEWQfHXIiaaqZBEYaW0CicolHFdNribfDI33maWicxqzFzRB2MmibZQ4ibibZ2WP1NfoRd5iccxOAqECHzYnhgg/0?wx_fmt=jpeg,http://mp.weixin.qq.com/s?__biz=MjM5NjU5NDkzMg==&mid=2652191674&idx=1&sn=9194322f87c840846076b665d6e52fbf&chksm=bd074e218a70c7376fc956e4b0396ea9bb2b0f24223f68285bb5aca18dac76652461036920d8#rd,2023-11-09
130,立冬可爱，随处欣然,冬者，终也，万物于是终也。,https://mmbiz.qlogo.cn/sz_mmbiz_jpg/5ibaumOWQEWQfHXIiaaqZBEYaW0CicolHFdWNMFr8DZgWJ8VpcTmmbNiaL7ZY7HSvdHa4bIvNGTcrpeV0XGSqrOh5g/0?wx_fmt=jpeg,http://mp.weixin.qq.com/s?__biz=MjM5NjU5NDkzMg==&mid=2652191293&idx=1&sn=415bbce1f8cac7fae970d2e3a199d998&chksm=bd074fa68a70c6b0cd6aa74de3ad9baa47d5dd51a1400f32424837a628b72f2a5edb05e6a7e9#rd,2023-11-08
131,或许你不信，我的心里也藏了很多月光,你将盛开如玫瑰，我将长成一株雪球树。,https://mmbiz.qlogo.cn/sz_mmbiz_jpg/5ibaumOWQEWQfHXIiaaqZBEYaW0CicolHFdiaI3Ek8cwCWyrybSndtD8l3xemDicEnIItK8iauCWBUjhvnHicx1XsibCZQ/0?wx_fmt=jpeg,http://mp.weixin.qq.com/s?__biz=MjM5NjU5NDkzMg==&mid=2652191291&idx=1&sn=cf3410253c6e5355e67c46097c556c68&chksm=bd074fa08a70c6b61e99b15c96aefa453bd4a1e712ba46ef97e880fe0b67a09c846e9bfd22c7#rd,2023-11-07
132,我独自坐在阳台，无人问津，却很快乐,"无所事事仅只是创造力的消逝
不创造也挺好",https://mmbiz.qlogo.cn/sz_mmbiz_jpg/5ibaumOWQEWR4icZSITMtMx54l9jaZMbicKo4IX1MfzUKgTgiabTzibibexOjvT5numrnJTTTz4FH7yJb0RhtIRrlSWg/0?wx_fmt=jpeg,http://mp.weixin.qq.com/s?__biz=MjM5NjU5NDkzMg==&mid=2652191102&idx=1&sn=1d26853c46b0bd58027951d887cf4be5&chksm=bd074ce58a70c5f3c036b2091b6bb6e8a8b42150d92da27f103b8fc6b4884c005f5a0b317554#rd,2023-11-06
133,月色入户，你如约而至,中国人的愉悦事务清单No.5,https://mmbiz.qlogo.cn/sz_mmbiz_jpg/5ibaumOWQEWR4icZSITMtMx54l9jaZMbicKrJu2xf3O9ibwarbicKWpgNjTBibEHHN8OWknjEEsNTXUpVGDNnhUY0m8A/0?wx_fmt=jpeg,http://mp.weixin.qq.com/s?__biz=MjM5NjU5NDkzMg==&mid=2652191007&idx=1&sn=bcbd0821e996e081e26ec7af70ce994a&chksm=bd074c848a70c5929a6f2abf043d803ac48461f717bbf45951f16a3cdc549bfab201f874b039#rd,2023-11-05
134,只是恰好在秋天想起你,"我希望你是快乐的
至少在这个秋天",https://mmbiz.qlogo.cn/sz_mmbiz_jpg/5ibaumOWQEWTj6LgzX6INVexciaSHYLsHK5STIjOzribvB8iajNrDezZCZm8KpodhZmJlJYxO92ko4RSPYGBu0nhFw/0?wx_fmt=jpeg,http://mp.weixin.qq.com/s?__biz=MjM5NjU5NDkzMg==&mid=2652190965&idx=1&sn=7bcfeb9e60339366023628b2ab7db094&chksm=bd074d6e8a70c478729f68c4dbb6db2b94129ee38f85c5c48a4a0328868e6c186fd8b36dd2a8#rd,2023-11-04
135,翻来覆去想不通，不如出门去吹风,与清风、明月、松风，同坐天地间。,https://mmbiz.qlogo.cn/sz_mmbiz_jpg/5ibaumOWQEWTLO8miaAx44mIuqLEE8YIMf7PIOaSqhqrkfwLzYlAOfnLXaeKoryhcPEwKYmL66ZTicrxK7LRn5TCQ/0?wx_fmt=jpeg,http://mp.weixin.qq.com/s?__biz=MjM5NjU5NDkzMg==&mid=2652190903&idx=1&sn=167813704911a78705c60db3e453335a&chksm=bd074d2c8a70c43a5ed85f8dc4dc88606283a497545a8ce949a1cedecd0aace913cc754e81e9#rd,2023-11-03
136,这是流行离开的世界，但我们并不擅长告别,我们终会在人生的收银台再见,https://mmbiz.qlogo.cn/sz_mmbiz_jpg/5ibaumOWQEWQAb7XeauVtkVpAaZiaFibdRqTAHBSOEWLcG95pY8B33bQnsuOEokjLsgtw07OJoicMl039JdKia47eFw/0?wx_fmt=jpeg,http://mp.weixin.qq.com/s?__biz=MjM5NjU5NDkzMg==&mid=2652190812&idx=1&sn=6f18f1fbcaa7ac4bf35320109e8987c2&chksm=bd074dc78a70c4d18b07a957e5a25792e683a5bb35cac513365d9cfe631546492f3d6f4c624a#rd,2023-11-02
137,如常，一切如常，便是好时光,"好久不见
没有消息是最好的消息",https://mmbiz.qlogo.cn/sz_mmbiz_jpg/5ibaumOWQEWTLO8miaAx44mIuqLEE8YIMfBsj2mIeN2U1npPSdxDwZJ5TJlN5tD888XCJy2gBpW2YUG0xQ06iaaQQ/0?wx_fmt=jpeg,http://mp.weixin.qq.com/s?__biz=MjM5NjU5NDkzMg==&mid=2652190740&idx=1&sn=cdeccce6eab66e663967cab8a06b2bc7&chksm=bd074d8f8a70c499b704e1dde08043711da94e59c892c69525a61842b95bbf66aec2d2059299#rd,2023-11-01
138,十一月：原来，道别是一件难事,‍转眼，秋天成了风景里的故事‍,https://mmbiz.qlogo.cn/sz_mmbiz_jpg/5ibaumOWQEWT4H4YkYJhLnVcSQqCggVGqiczoKqNoSOy1eMPbjjqMZSsbqiccicqJVl3TkdEVobicfZdqI5QicLbNJBQ/0?wx_fmt=jpeg,http://mp.weixin.qq.com/s?__biz=MjM5NjU5NDkzMg==&mid=2652190009&idx=1&sn=e0c74f2277cd97e2468c51eac58d54fa&chksm=bd0740a28a70c9b4e4a6928027a89ee28a85871bc9d3a90de8c0a6f5d246db0bc6bd43f99e60#rd,2023-10-31
139,爱着，一分钟不算短，一辈子不够长,"虽然我们爱情的日子屈指可数
但让它们放出神圣的光华",https://mmbiz.qlogo.cn/sz_mmbiz_jpg/5ibaumOWQEWQmfElYjRYl7tUthwY69MNwIJ4KNTksYfVicLfS6kNFaVLRpBibgz7KbB8DY5r4x8o3QicgtoY4NDhKQ/0?wx_fmt=jpeg,http://mp.weixin.qq.com/s?__biz=MjM5NjU5NDkzMg==&mid=2652189956&idx=1&sn=27721eba02be3d1f8aef4054cf4c02f8&chksm=bd07409f8a70c989d98d8167e0dadcff7ff7a1a9c2b3131ca7f6486b24586429ed1dfa17d50d#rd,2023-10-30
140,我不会再来找你，只会偶尔想念你,只想念，不纠结。,https://mmbiz.qlogo.cn/sz_mmbiz_jpg/5ibaumOWQEWTNgC0jVCjxYmmq7QsUC0B0nqvjKLbfbX6Vfo9ha8Al9fHiawbvvTicUPhSexL0JLmgVwqcXqklZLXA/0?wx_fmt=jpeg,http://mp.weixin.qq.com/s?__biz=MjM5NjU5NDkzMg==&mid=2652189843&idx=1&sn=619853a3198b57b8567516c3ff6c6e35&chksm=bd0741088a70c81e1601a19be1f25eed1af97fa40040813fa124c4093ca8248c916e4f6abcea#rd,2023-10-29
141,爱人同时被人所爱，在这荒凉的世中,"我们俱被生下为人类，
偶然飘下尘土的地面",https://mmbiz.qlogo.cn/sz_mmbiz_jpg/5ibaumOWQEWQmfElYjRYl7tUthwY69MNwtzbjMEx8sft3wWVO7Uu6j410BTviaARdJnsibx4luFsZxHtvF5AMrWRw/0?wx_fmt=jpeg,http://mp.weixin.qq.com/s?__biz=MjM5NjU5NDkzMg==&mid=2652189841&idx=1&sn=72835830043888ba80baace9a2045de0&chksm=bd07410a8a70c81cfd58c5c95455032b38e8cdf4463eb871822f154e1d541969feefafbafb98#rd,2023-10-28
142,他喜欢大气磅礴的诗｜纪念李克强,风雨无惧，初心如磐。,https://mmbiz.qlogo.cn/sz_mmbiz_jpg/5ibaumOWQEWQk8dT3BGMe5sce9CiciavRZYZic6bQibDZy77o7Ric6OYlQmxId2hDXkNRCic0lM01KUnRGqJp93mUicL8Q/0?wx_fmt=jpeg,http://mp.weixin.qq.com/s?__biz=MjM5NjU5NDkzMg==&mid=2652189768&idx=1&sn=ef3145376d8d937d11662ecaf44cfc90&chksm=bd0741d38a70c8c53d096257f053240d4f43d7763217c2ef4969df66e25f3f50e370399c54d0#rd,2023-10-27
143,有时就是想出门走走，无论去往哪里,"我出了房门，朝远处走
去世界的任何地方",https://mmbiz.qlogo.cn/sz_mmbiz_jpg/5ibaumOWQEWRMWayzC66leUucR3vlBcZH9ibRMNT3NuQQbHib1XOUmo7RvJUa7XRWWKicqXqa8icrqWWicoc2u8PqIPw/0?wx_fmt=jpeg,http://mp.weixin.qq.com/s?__biz=MjM5NjU5NDkzMg==&mid=2652189523&idx=1&sn=ea4ffeb43c8a3c1d123d80a00d26d149&chksm=bd0746c88a70cfde5086ea40c5a13fc2288a8698eb32d0356fc4b39c83cd9af330810e093492#rd,2023-10-26
144,我深爱我们一起相处的夜晚，胜过世间一切,"你穿行而过的所有寂寥
都是我的声音在追赶着你。",https://mmbiz.qlogo.cn/sz_mmbiz_jpg/5ibaumOWQEWTVhLicEDFibYYxicJKvzSG0ObyqpQypNrMrPYMAZGIyGicibUj7NbdoXYbpyNic7oxnPkoGR5bTVL7SicIQ/0?wx_fmt=jpeg,http://mp.weixin.qq.com/s?__biz=MjM5NjU5NDkzMg==&mid=2652189281&idx=1&sn=9e23925c896e24ba51220ae017bea5ed&chksm=bd0747fa8a70ceec101daa992d51628aeccd9390c4933cd7b9de6f691b050b76dd03b0f2fa20#rd,2023-10-25
145,别怕内卷，读书破万“卷”,书籍将会站在书架上，此乃真正的存在,https://mmbiz.qlogo.cn/sz_mmbiz_jpg/5ibaumOWQEWTVhLicEDFibYYxicJKvzSG0ObYAcUngVJwqdQ5mfOLTXOic7l4T5bI4VCnRyFCriaOAUQ10oCQV8n05mA/0?wx_fmt=jpeg,http://mp.weixin.qq.com/s?__biz=MjM5NjU5NDkzMg==&mid=2652189196&idx=1&sn=b765625539727dfda3458d48ebb4a598&chksm=bd0747978a70ce8147c25ff223f75150b5cf8268d8867d69128779f927ce1c3f89aa12dddb2c#rd,2023-10-24
146,霜降：天上繁霜降，人间秋色深,秋深山有骨，霜降水无痕,https://mmbiz.qlogo.cn/sz_mmbiz_jpg/5ibaumOWQEWT8aw9Vw9waCiaLYn86RTe3j4otfQHc5esuVNq3PPK4YWa9lNgQtOomDz3vROPWQ2slXpMaVialkG7g/0?wx_fmt=jpeg,http://mp.weixin.qq.com/s?__biz=MjM5NjU5NDkzMg==&mid=2652189148&idx=1&sn=3a23941d4af57440a303018f8ff976a3&chksm=bd0744478a70cd514fbf1490f47dd917c676a07c81305174e7b3e8d423dcade543a401d0d936#rd,2023-10-23
147,重阳：站在高处，才发觉生活总有希望,中国人的愉悦事物清单No.4,https://mmbiz.qlogo.cn/sz_mmbiz_jpg/5ibaumOWQEWRUhRDu8EKeIsh2L6dTsBGbKp5dshSFGXIyZctUVj1VfLBc94lMJKIJzG1YciaCsHy34xs351jXq8A/0?wx_fmt=jpeg,http://mp.weixin.qq.com/s?__biz=MjM5NjU5NDkzMg==&mid=2652189054&idx=1&sn=7e7214cd161457cfc442fa9e0273f5e1&chksm=bd0744e58a70cdf3c38c7031c9e30bc378382830cd72f7bcadd44fc334149c90568417351412#rd,2023-10-22
148,如果你来相约，那我再忙也会说有空,秋光大好，一起出门走走吧,https://mmbiz.qlogo.cn/sz_mmbiz_jpg/5ibaumOWQEWT8aw9Vw9waCiaLYn86RTe3jkoItjDmTrfjq8bm4vXP0SKicfkdqNcbQtE0D8mnsdKSLBN2qfpLth9w/0?wx_fmt=jpeg,http://mp.weixin.qq.com/s?__biz=MjM5NjU5NDkzMg==&mid=2652188956&idx=1&sn=b73f6a24935a300c7962327150adb659&chksm=bd0744878a70cd918befa45c32b487bb5402252954bde94d442e75d0e7439f4462f5dd04b186#rd,2023-10-21
149,秋深了，我的心里堆满落叶,天冷了，拥抱吧。,https://mmbiz.qlogo.cn/sz_mmbiz_jpg/5ibaumOWQEWQia8IkuzxFbU5JhmiagA56aFc1mmkB8bz0asFb6lq77tGF7XrycBT2H5eKGQHTI7xIiaYkgxntPZkNg/0?wx_fmt=jpeg,http://mp.weixin.qq.com/s?__biz=MjM5NjU5NDkzMg==&mid=2652188954&idx=1&sn=03dccec5eabca3f01224e0db53feff11&chksm=bd0744818a70cd97e309e4e1f174cdb112423ae3c45fc6d9b242f836baeeb2276c079e036cbc#rd,2023-10-20
150,《大梦》之中，我们该怎么办,若无闲事挂心头，便是人间好时节。,https://mmbiz.qlogo.cn/sz_mmbiz_jpg/5ibaumOWQEWS15AQICSuBPZchwUjGqOA9kkpumGMXR5FLjbDqmJeLGsibEXNfAkOf5zhnVGPFhDz13icyqPs2mQ5A/0?wx_fmt=jpeg,http://mp.weixin.qq.com/s?__biz=MjM5NjU5NDkzMg==&mid=2652188871&idx=1&sn=2b42d3c556ee96e1e121fc7b4a0b208f&chksm=bd07455c8a70cc4a547d63dc48b2a9ecde55ba2b0d289a13b962df0fe9d11b3619d8a35a6799#rd,2023-10-19
151,你不再写诗，而我也在秋天里老去,"让诗来写你
让风把你随便带到一个什么地方",https://mmbiz.qlogo.cn/sz_mmbiz_jpg/5ibaumOWQEWTiaREADetiaicbqLlAq35tMHa7dGyjOhsSg7Bse9icFAzLUmJvYZlXZZUmdGJp38CkmCOSL7uDibzib5Xw/0?wx_fmt=jpeg,http://mp.weixin.qq.com/s?__biz=MjM5NjU5NDkzMg==&mid=2652188645&idx=1&sn=76ce0be629497d7dce6cd6c813f0c5f8&chksm=bd075a7e8a70d3686c0a35df267c1cb450308bc9bad22111fa30f16ebee894ff32465fec0bf8#rd,2023-10-18
152,风慢慢吹，我慢慢忘记你,深情地活，慢慢地走。,https://mmbiz.qlogo.cn/sz_mmbiz_jpg/5ibaumOWQEWRJN47YfkJkOnRaFYw8gTbMupiankuvje8nYbadWzYPK3XAgbTsFm42IcYdBb96ic95U0pxuicsOAdIg/0?wx_fmt=jpeg,http://mp.weixin.qq.com/s?__biz=MjM5NjU5NDkzMg==&mid=2652188564&idx=1&sn=95aa7a9ceada0628d0ce5ce8ec0985fa&chksm=bd075a0f8a70d319b90ab0e64e9dd6c0ee0998025012127311da5066efdf85d8321628705642#rd,2023-10-17
153,在秋日，以春天的名义鼓掌,自古逢秋悲寂寥，我言秋日胜春朝,https://mmbiz.qlogo.cn/sz_mmbiz_jpg/5ibaumOWQEWQ4vdtMIysxERStJcGXFVtQCN5T0g8f1fqVFOxmJtERVO3PkZXFfYyzSpeJtGXia0Z0iaMyX8ib9csAQ/0?wx_fmt=jpeg,http://mp.weixin.qq.com/s?__biz=MjM5NjU5NDkzMg==&mid=2652188348&idx=1&sn=c26c04c1239f652c139a9b97e9bc0d71&chksm=bd075b278a70d2317fa552ef873f08c7e96070c0e44e673a9b194423cbdc9d663cd058fecca8#rd,2023-10-16
154,生日快乐，席慕蓉,如何让你遇见我，在我最美丽的时刻,https://mmbiz.qlogo.cn/sz_mmbiz_jpg/5ibaumOWQEWR5wUic1BTARrSeoiaiayBJjJrIup59dtFNmqhn0ia5jFNtW3hOAyyiavr3YM3wpbblyibU9iaP43UBvw03Q/0?wx_fmt=jpeg,http://mp.weixin.qq.com/s?__biz=MjM5NjU5NDkzMg==&mid=2652188282&idx=1&sn=3f933793e1d1aa7fed8f98a36f3c89f3&chksm=bd075be18a70d2f78ffc77baa753ab113c817452233eff87ecdf21694b900c75ccf090701ee9#rd,2023-10-15
155,我孑然一身，又怎么样呢,自由地生活，生活于自由,https://mmbiz.qlogo.cn/sz_mmbiz_jpg/5ibaumOWQEWR5wUic1BTARrSeoiaiayBJjJrgOneptUOicXCHO3HKpXgkNTmiaia2XtjU2UgibzHnxGCWr7z8Z2Abcs8dw/0?wx_fmt=jpeg,http://mp.weixin.qq.com/s?__biz=MjM5NjU5NDkzMg==&mid=2652188266&idx=1&sn=0562cea5395f301dfc76bb13ee3fe1b6&chksm=bd075bf18a70d2e73872ee8f5f5b881cfa6c81cc1925e738b5026bf6925d79834fc116ec5da2#rd,2023-10-14
156,假如我是秋天，我将肆意而狂热而多姿,"我将带一束从墙那边的灌木丛
采摘的鲜花而来",https://mmbiz.qlogo.cn/sz_mmbiz_jpg/5ibaumOWQEWSHBSpUbicrQHKnVdSOibPetcGBp1GcUOtAcPRksPrt74DBqISemvxIzY1R1UjONvvRDyNqpjMUwWkA/0?wx_fmt=jpeg,http://mp.weixin.qq.com/s?__biz=MjM5NjU5NDkzMg==&mid=2652188178&idx=1&sn=8255e0d28a6dde689a62b7d165787b4e&chksm=bd075b898a70d29ffdda0247c6820d8707f92a3884ce3c37363b81d6576e55ba9b40b01cf9bb#rd,2023-10-13
157,本来无一物，何处惹尘埃,欢迎加入21天《坛经》共读营,https://mmbiz.qlogo.cn/sz_mmbiz_jpg/5ibaumOWQEWSPY3icsr7iaDhOR2aXMMdbGxdLKf9drPCszCSVSt9GPsmichpmC5AVFJY861ibCTTsZkuweDXb43rJBg/0?wx_fmt=jpeg,http://mp.weixin.qq.com/s?__biz=MjM5NjU5NDkzMg==&mid=2652188095&idx=1&sn=21e39565235fa59c22fcf7c561fbe08c&chksm=bd0758248a70d13276e3177a65d580e28ee7d76cd7c68dfd82f01567066217f0d09665396786#rd,2023-10-12
158,正是相思夜，钟声君处来,中国人的愉悦事物清单No.3,https://mmbiz.qlogo.cn/sz_mmbiz_jpg/5ibaumOWQEWSPY3icsr7iaDhOR2aXMMdbGxa06Wj9UIdeBzliao4GictNsdWAMTO6aEGkqpniaVFAxBQKcq40vzUotRA/0?wx_fmt=jpeg,http://mp.weixin.qq.com/s?__biz=MjM5NjU5NDkzMg==&mid=2652187747&idx=1&sn=2662fbb21d71981d425457b7a918ba9e&chksm=bd0759f88a70d0ee909b231f3120b884e7b99eee31fba1f067b028cf00bcb2547e635b8a027c#rd,2023-10-11
159,一边失去一边拥有，时而走近时而远去,生活当真只是一场大梦吗,https://mmbiz.qlogo.cn/sz_mmbiz_jpg/5ibaumOWQEWQrRN77efyEYoibdrEcAJA5ZavEvY8xfWJB1j2ciaNcF1ficuIQKbpmUv5VuicrkconaBQxZCTyibvSGrw/0?wx_fmt=jpeg,http://mp.weixin.qq.com/s?__biz=MjM5NjU5NDkzMg==&mid=2652187552&idx=1&sn=20882d4d01eb75e96137189b0d2b4314&chksm=bd075e3b8a70d72dfe12c5a90646a6a1d551d525aaecbcb0fe1f5052459fe71a8bf9ebfab912#rd,2023-10-10
160,时光匆匆，认真地年轻，认真地老去,变老的时候，一定要变好,https://mmbiz.qlogo.cn/sz_mmbiz_jpg/5ibaumOWQEWTOkjicxL1DzNNaWueDamA9741cmZ0bpnx2yYUONl8sumQXUj0m6TeCe6TxZtv7aNCU1j4ibZDIp8GQ/0?wx_fmt=jpeg,http://mp.weixin.qq.com/s?__biz=MjM5NjU5NDkzMg==&mid=2652187392&idx=1&sn=7070ba59403ddd80fa3b5ebdd2ccf9a5&chksm=bd075e9b8a70d78d226fd16639c7ee42724b9fcd7d2357fc508dc9e925186c2645ffbba24afe#rd,2023-10-09
161,寒露：我们一同等待月亮清凉的吻,萧疏桐叶上，月白露初团。,https://mmbiz.qlogo.cn/sz_mmbiz_jpg/5ibaumOWQEWRuBRiaEjQhO5vI8Pqu02JsrKbiaOicA7AT1OpzpEfKYL3z1F9ofISgsJS835WjSG0wBzBg9kVFiaemmQ/0?wx_fmt=jpeg,http://mp.weixin.qq.com/s?__biz=MjM5NjU5NDkzMg==&mid=2652187281&idx=1&sn=75c14e1c5d5bbc944a0349e3cda92a79&chksm=bd075f0a8a70d61cec5c58cec4cc687525228f3ea08d4e6700e33af0f6ee1c995e68e9b60eb0#rd,2023-10-08
162,就坐着，写长长的信，看落叶纷飞,我的世界安静了下来,https://mmbiz.qlogo.cn/sz_mmbiz_jpg/5ibaumOWQEWQxUwzOia7kCZCn4vldic1ic1fpxiajWFt7K0GnIgdfM3MnkgzlzeVrLKHpYz7fI115EkcljtJdEvZDAA/0?wx_fmt=jpeg,http://mp.weixin.qq.com/s?__biz=MjM5NjU5NDkzMg==&mid=2652187279&idx=1&sn=4eb0a26471ebfafac25779a024f0191c&chksm=bd075f148a70d6022620fd9e61f2aeab4762ebbc3def6c327f560e77de35475955f3a757c2f7#rd,2023-10-07
163,爱以不同方式存在，并不是每种都放了糖,你问我过得好不好，我说我很好,https://mmbiz.qlogo.cn/sz_mmbiz_jpg/5ibaumOWQEWS8tA8dszUVibFOMhlZgiatGvw9WqsyGL2GsJq0sOIAOQTt2MicdVz6N3kfunYdic3V1t0Gu9HYPLdSBw/0?wx_fmt=jpeg,http://mp.weixin.qq.com/s?__biz=MjM5NjU5NDkzMg==&mid=2652187022&idx=1&sn=72503a53b95e8a0b670e62f436534b66&chksm=bd075c158a70d503a51b04960d0fbfb146b79ad908bb4c57be0d9b8d05c0356f36cd8f16261a#rd,2023-10-06
164,爱生活里的种种小悲伤，小欢喜，小意外,"如果我们老了
就让我们像一对坏掉的钟表",https://mmbiz.qlogo.cn/sz_mmbiz_jpg/5ibaumOWQEWT2tyzjvX8cTYAO7PJYZwIvAia3YxicxnBf3F8H7ib82c6eExx9mfTxOWSM3trSgVlRniaEHovGgnQLqw/0?wx_fmt=jpeg,http://mp.weixin.qq.com/s?__biz=MjM5NjU5NDkzMg==&mid=2652187019&idx=1&sn=5d04a21791422824368ff722ecce951d&chksm=bd075c108a70d50620aba11b13eba06bb343b0b71caca34f32602e391ac8b6bfbf536af79244#rd,2023-10-05
165,有时想要快乐很简单，什么都不思考就够了,不要思考，我就会拥有大地和天空,https://mmbiz.qlogo.cn/sz_mmbiz_jpg/5ibaumOWQEWS8tA8dszUVibFOMhlZgiatGvFNtXXewlXSz9UVj44Jl7ZmacnaniaCQ3BPFE1YcEibmB58HXXWPvvhsg/0?wx_fmt=jpeg,http://mp.weixin.qq.com/s?__biz=MjM5NjU5NDkzMg==&mid=2652187004&idx=1&sn=5f8ec9f1e1cf2d4101014fa5c14afc2b&chksm=bd075ce78a70d5f15b0b05b9d3e50aad0ad3e5f9f8ad3240b9f560099da41297b0e5754fa3ed#rd,2023-10-04
166,该散落的已散落，要相逢的会再相逢,"花儿生长在田野，草儿生长在我脸颊，
一切都可能。",https://mmbiz.qlogo.cn/sz_mmbiz_jpg/5ibaumOWQEWRrXMzwQQ8r0PSYLVP9UqYWMqwp4cYInS10LiaNbIckvthbrXSU3OOvy35l2nWFkjqiay4JIdlXwwFQ/0?wx_fmt=jpeg,http://mp.weixin.qq.com/s?__biz=MjM5NjU5NDkzMg==&mid=2652186953&idx=1&sn=7e52ab099ca47c71c265f46f44e2ee7b&chksm=bd075cd28a70d5c4fe678cd8c20c931fdf1ee3a483db5c7c29f2473775ab66f7668f383cd813#rd,2023-10-03
167,在你身后，世界蓄满远古的安宁,"一大片幽暗的林子
于我究竟意味着什么？",https://mmbiz.qlogo.cn/sz_mmbiz_jpg/5ibaumOWQEWQIqrh6hFibkw4yVg0x3UKO839M857CLVlaDnLibInLwr1h5Rb4Irg6PyHfBCbEB241H8EEEQSGNgLw/0?wx_fmt=jpeg,http://mp.weixin.qq.com/s?__biz=MjM5NjU5NDkzMg==&mid=2652186920&idx=1&sn=59bddc468e9ec6577a89cf30f4015010&chksm=bd075cb38a70d5a5587067c54fa264899981c04718795d68573c7423ca647d1cc10ea2979f99#rd,2023-10-02
168,我对这土地爱得深沉,没有人会忘记母亲，我们都贪恋祖国。,https://mmbiz.qlogo.cn/sz_mmbiz_jpg/5ibaumOWQEWTSUTiclC6DYTjkbYkFiaR6gYPr1waCSKBm2a4iaEkrnbVKQ8FBhgKD67C5ibAxr2LtCjviaOY7WYI80uQ/0?wx_fmt=jpeg,http://mp.weixin.qq.com/s?__biz=MjM5NjU5NDkzMg==&mid=2652186908&idx=1&sn=068c812114406072df9e7c2201421936&chksm=bd075c878a70d591e610d641f64cd2a56bc31d631c57c9df7437e874f93e19a9fa1cc706bff0#rd,2023-10-01
169,十月：秋高气爽，开启精神退休模式,十月，会挣钱更会享受生活,https://mmbiz.qlogo.cn/sz_mmbiz_jpg/5ibaumOWQEWTNibuJRibMfavdTLHazNzJIa81pwibTdqAnhC3PT3oFbgServ9cU3ia2ZczOZu4vKKGwEUanwck8scxQ/0?wx_fmt=jpeg,http://mp.weixin.qq.com/s?__biz=MjM5NjU5NDkzMg==&mid=2652186905&idx=1&sn=c2522261efc4a776dcba5f715c5b2ff4&chksm=bd075c828a70d594d440ddf0cbffeca43165c5a6f6dd0754e603b2dfc574468d2b44cade63fa#rd,2023-09-30
170,幸福就是，回家说一些向暖而生的话语,"去紧抱一棵树
聆听它良久，那是对被忽略之美的致歉",https://mmbiz.qlogo.cn/sz_mmbiz_jpg/5ibaumOWQEWTNibuJRibMfavdTLHazNzJIarbhFH3MIKvicePSXwjfNSE9txlibrLhz3Dqq4R2PkG9lzzPJb7ycuhDA/0?wx_fmt=jpeg,http://mp.weixin.qq.com/s?__biz=MjM5NjU5NDkzMg==&mid=2652186882&idx=1&sn=f6c97cf23b21cb69bc131801af40e878&chksm=bd075c998a70d58f4e86d19b71954bdf91ee65d5c0226f1aa657c7f715c2a594c2459793c991#rd,2023-09-29
171,中秋：思发花前，踏月而归｜我在临汾为你读诗,重逢之心，胜却人间无数,https://mmbiz.qlogo.cn/sz_mmbiz_jpg/5ibaumOWQEWTSUTiclC6DYTjkbYkFiaR6gYicnJV9jVgW7VQ6lXsu6cgpdIJGgZW1WwuYMEefdtOX9wK9ia5lrJ0jibQ/0?wx_fmt=jpeg,http://mp.weixin.qq.com/s?__biz=MjM5NjU5NDkzMg==&mid=2652186879&idx=1&sn=72340f5a0e0be9d638c7ea8322b6a134&chksm=bd075d648a70d4725680b8c01c96e5beeb9d1902d2db908bb26e71fddceeb5cc96b205f14ab4#rd,2023-09-28
172,一千多年前的诗人，也如此平凡，如此孤独,"唐诗是我的渡船
撑过一片又一片海",https://mmbiz.qlogo.cn/sz_mmbiz_jpg/5ibaumOWQEWQxUwzOia7kCZCn4vldic1ic1f7GwQon2m5Hib3xuq3ZdPpxX6rKla3zraHfWeGxBjH7aW8x1PIfdv71g/0?wx_fmt=jpeg,http://mp.weixin.qq.com/s?__biz=MjM5NjU5NDkzMg==&mid=2652186746&idx=1&sn=67e2a0028bbe6a6ed5003e2e419e7c9d&chksm=bd075de18a70d4f71480d04ff60f39c8c49d041c6645edb7ded40d74bfbd1718592a2f0f07e0#rd,2023-09-27
173,生活抛出太多问题，我去路上寻求解答,人生不仅仅只是有答案就可以了，解题的过程同样重要,https://mmbiz.qlogo.cn/sz_mmbiz_jpg/5ibaumOWQEWQVmQup311LjmhyCdbM4LScDkmPcib2rIBkvic5MyoeI0R31aQRQx4e6djaRKhpHaT5D8AWoXzboWwA/0?wx_fmt=jpeg,http://mp.weixin.qq.com/s?__biz=MjM5NjU5NDkzMg==&mid=2652186693&idx=1&sn=7d4e121116fceaa3a906c1e6bbb58750&chksm=bd075dde8a70d4c8c2597c14fb32d922d787794e22a2d985a30bf6bf0d257f7f554b292f520f#rd,2023-09-26
174,在秋天，幸福得像一棵树,"多好啊
时间你别动",https://mmbiz.qlogo.cn/sz_mmbiz_jpg/5ibaumOWQEWTSUTiclC6DYTjkbYkFiaR6gYKZ4no6ybuMBGaCARwPjcDclWdyxZeOmq5TmmF0cV92b295iccR3ibUBw/0?wx_fmt=jpeg,http://mp.weixin.qq.com/s?__biz=MjM5NjU5NDkzMg==&mid=2652186398&idx=1&sn=75c804ef4f87f6bafeff6b2684b79d04&chksm=bd0752858a70db9318961a8fc0f6bb3e8cc79e7f0188467a1df62ab68a2534f3915879ac76dc#rd,2023-09-25
175,感谢一些不重要的事物，让我觉得仍被生活眷顾着 | 刘诗诗「为你读诗」,"我不确定重要的事
比不重要的事
更重要",https://mmbiz.qlogo.cn/sz_mmbiz_jpg/5ibaumOWQEWRrXMzwQQ8r0PSYLVP9UqYWFf8cZTd8ibiaiahicEnx3yRznFGnthiad5jib0TXKSXb4NC1VAnHTZ1zaSMw/0?wx_fmt=jpeg,http://mp.weixin.qq.com/s?__biz=MjM5NjU5NDkzMg==&mid=2652186279&idx=1&sn=f7f2115d6d57154f6020c6de3a75d8b5&chksm=bd07533c8a70da2a289f6940433145082224163288fb2b54bd715faa12d3eac035b3742f195f#rd,2023-09-24
176,秋分：何事最相宜，宜游宜从容,安坐在石景山的秋天里，感到从容。,https://mmbiz.qlogo.cn/sz_mmbiz_jpg/5ibaumOWQEWRBHdXiaOe8Toov3kCVvYwicX4M2vbJkHm3HqhzBRvyiaWmSrC2yLa6ic9GmcaB6bCvDSqGvSoU1NChyw/0?wx_fmt=jpeg,http://mp.weixin.qq.com/s?__biz=MjM5NjU5NDkzMg==&mid=2652186274&idx=1&sn=37cde282fc9ec65ec66679bc2b766790&chksm=bd0753398a70da2fb476dd6b7c89c9d0e7d9ae2aafa3ba22a334737fd4b9b3ec98ef76af4c34#rd,2023-09-23
177,我们距离遥远，但约定各自努力变得幸福,如果可以再见，谈谈彼此的琐碎也好,https://mmbiz.qlogo.cn/sz_mmbiz_jpg/5ibaumOWQEWRBHdXiaOe8Toov3kCVvYwicXH7kyHQhoVaibJzqh8ia4XjGpVUDS5hjjTt4GSk28cXicOBiaqaYzoo82Iw/0?wx_fmt=jpeg,http://mp.weixin.qq.com/s?__biz=MjM5NjU5NDkzMg==&mid=2652186272&idx=1&sn=b54d632fa16d27f44701855e541fe305&chksm=bd07533b8a70da2da0bb4a4b2601919c0fde57d4720e704b52298e741bed7593e0f8a6b01db4#rd,2023-09-22
178,在春天相识的人，就要在秋天告别,如果告别无法避免，那就让我将祝福别在襟上。,https://mmbiz.qlogo.cn/sz_mmbiz_jpg/5ibaumOWQEWRBHdXiaOe8Toov3kCVvYwicXRlJ1mJicMYxlFicKO2jhCibFRxKb8D2ic96tnSPoHBr5F9rU6J3lGVZ1PA/0?wx_fmt=jpeg,http://mp.weixin.qq.com/s?__biz=MjM5NjU5NDkzMg==&mid=2652186105&idx=1&sn=d7ad838bce36469e52da87a16e02ac77&chksm=bd0750628a70d974b727c435a0ba184850c1cd44123938f22712876d4b1820c193ac85960ac8#rd,2023-09-21
179,我对每个人暗暗羡慕，也暗暗去爱每一个人,"我的生存遭到别人的禁止，
我却享受它，热烈，陶醉，多情",https://mmbiz.qlogo.cn/sz_mmbiz_jpg/5ibaumOWQEWSh5UViaslzhbNHnKRnZzxZVzbdXq6wicVdfRU2ouSWiadol7RicK0elxPfnAnOnAxFwOBBnDFvrfjO0A/0?wx_fmt=jpeg,http://mp.weixin.qq.com/s?__biz=MjM5NjU5NDkzMg==&mid=2652185847&idx=1&sn=b854dfc46ff7c60967e4f50dccde7817&chksm=bd07516c8a70d87a3cb749c926205cf132dec1ad95d4a403f808b15fdcd7d23768c3e811f513#rd,2023-09-20
180,想要许多幸福和我有关，不再只是擦肩而过,"我已不再沉睡
海浪将我拥起",https://mmbiz.qlogo.cn/sz_mmbiz_jpg/5ibaumOWQEWREH7XOOzZ6N4pRR7BYtcMg89lxSU10KIqAkicQJAgKQe65TPs8Z4H0FCWQ9bd5Oul5KoDoicpTAuZg/0?wx_fmt=jpeg,http://mp.weixin.qq.com/s?__biz=MjM5NjU5NDkzMg==&mid=2652185770&idx=1&sn=870a1bea6da79b40efd54409b427ee3f&chksm=bd0751318a70d827819506ddb27c98889f516509576a6f358cae4122a3e7b56e1abe6c6aade2#rd,2023-09-19
181,你的一线阳光，也能把我触动,对世界保持好奇，让我感到快乐。,https://mmbiz.qlogo.cn/sz_mmbiz_jpg/5ibaumOWQEWREH7XOOzZ6N4pRR7BYtcMgevTH1lv47t0HU7RqoJm0A9XXicNZibWH3d3ibQ2Ad6InJdGVjyR4hibGjw/0?wx_fmt=jpeg,http://mp.weixin.qq.com/s?__biz=MjM5NjU5NDkzMg==&mid=2652185702&idx=1&sn=a21a19e3ade5e63643985eda7a269f3c&chksm=bd0751fd8a70d8eb4357ed19a68890d2d0d80e71ec8e5600b6d1e8159fb1272b16ba4f9ba787#rd,2023-09-18
182,秋天短到没有，你我短到不能回头,秋天，是胸口的蠢蠢然。,https://mmbiz.qlogo.cn/sz_mmbiz_jpg/5ibaumOWQEWTbX9iapYVBtT4WjcODA0iaXHn9ZwSeiaX3yF6Mq6L5G67xFT33TD7wPfw6rU9owyBbVgJmNvSFflOPA/0?wx_fmt=jpeg,http://mp.weixin.qq.com/s?__biz=MjM5NjU5NDkzMg==&mid=2652185484&idx=1&sn=15ada3a0bdc66f7d3a8f1b2167fbfd4f&chksm=bd0756178a70df0167d48e1fe68db109da45d8ba82193be3d8c2cb7ad38cac5ccdfd2b92916f#rd,2023-09-17
183,去水云间，被尘世遗忘一小会儿,或许忘情于山水，忘才是重点,https://mmbiz.qlogo.cn/sz_mmbiz_jpg/5ibaumOWQEWTPsRAbekcJ527Ucfj0WnDT72jDfTLWTiaIEz4rFGGWxhV6OG15MNUI6pBxA5OUyYBAx5BM9uIicCcg/0?wx_fmt=jpeg,http://mp.weixin.qq.com/s?__biz=MjM5NjU5NDkzMg==&mid=2652185248&idx=1&sn=1d995b1a128b96d35f9ea5e72de2398e&chksm=bd07573b8a70de2d78bcad87308cfc356c437ddbb8a6fceb66095fff04da7d8c05de72166661#rd,2023-09-16
184,西川：唐诗依然在治愈着所有中国人,每一首唐诗，都为我而作,https://mmbiz.qlogo.cn/sz_mmbiz_jpg/5ibaumOWQEWTPsRAbekcJ527Ucfj0WnDT4re0F4Q0jG8jAPe8j8Ae9icDPlFBLJiaToAAacfn0D6TZnVXrIDic3r8Q/0?wx_fmt=jpeg,http://mp.weixin.qq.com/s?__biz=MjM5NjU5NDkzMg==&mid=2652185243&idx=1&sn=c29a12f651f9b186c59526e7a7b9414e&chksm=bd0757008a70de167043ccf11df4e5d03850442add194b960487cab764502c78790b62558fdd#rd,2023-09-15
185,追光的人，坦荡且明朗,看古人如何赞美少年,https://mmbiz.qlogo.cn/sz_mmbiz_jpg/5ibaumOWQEWQBgOGTlUX2GTISUgbI6ptiaEeicNXrTr1JD81ctYgOIWlib3IHDib83OarrlCByRVE868sYIo8x6GeYA/0?wx_fmt=jpeg,http://mp.weixin.qq.com/s?__biz=MjM5NjU5NDkzMg==&mid=2652185063&idx=1&sn=431fa2737526de5e6b689b73aa66169e&chksm=bd07547c8a70dd6a1c35c4ffe28690a176bd46ccc46db9d72a4be46d00b24e49aef4ecb194f0#rd,2023-09-14
186,你可曾想过，谁不是烟雾缭绕,"我努力让自己
浮在水面之上，没意识到我早已是
水中之民。",https://mmbiz.qlogo.cn/sz_mmbiz_jpg/5ibaumOWQEWSjXNff4EUyDwQAic9gnReskSFicsic1ofJGLcmVwJZ6BHD1F9egeDndortnPiclGzV82r1vib0H2WUetg/0?wx_fmt=jpeg,http://mp.weixin.qq.com/s?__biz=MjM5NjU5NDkzMg==&mid=2652184954&idx=1&sn=d0fdd4b7c1088824e91844c7fd5942ee&chksm=bd0754e18a70ddf7fe02a8fa5670f1c1c6fd84c4d767720036ef4fddefdbbf44a65b2b2e056b#rd,2023-09-13
187,寻梦时，没人胆敢指责你贫穷,"你的梦开出娇妍的花来了，
在你已衰老了的时候。",https://mmbiz.qlogo.cn/sz_mmbiz_jpg/5ibaumOWQEWQBgOGTlUX2GTISUgbI6ptiagiavhwvFcvKZaXb1yf798lMycEF1icr2vk0HBVjlMicDficnmYOFdo32icQ/0?wx_fmt=jpeg,http://mp.weixin.qq.com/s?__biz=MjM5NjU5NDkzMg==&mid=2652184905&idx=1&sn=07d38eb14effd97dcc8b2417efedba60&chksm=bd0754d28a70ddc47d1467a08512f2d6e2c6c14768278c1d5e145221c04af3b1b9330268ae6e#rd,2023-09-12
188,人生会有许多问题，但也不止一种解法,"少于整颗心分量的
不足以称之为爱",https://mmbiz.qlogo.cn/sz_mmbiz_jpg/5ibaumOWQEWSu4ic9Eb8LzdQIQGF0OTsicyd1riaBWVMV652dc5KwAK3DDqdQp2530QLUc6wK3Oz6g0OU7A2yannGQ/0?wx_fmt=jpeg,http://mp.weixin.qq.com/s?__biz=MjM5NjU5NDkzMg==&mid=2652184728&idx=1&sn=dbae2fc9abd8bdcbfdaa16345c4587d1&chksm=bd0755038a70dc155b10ae45c2706aca3b23b8acaa37701bbe15b67bdac8f33a678d7798c791#rd,2023-09-11
